Year,CommodityCode,CropName,CountyCode,County,HarvestedAcres,Yield(Unit/Acre),Production,Price(Dollars/Unit),Unit,Value(Dollars)
2020,216299,GRAPESWINE,1,Alameda,2530,5.14,13000,1497.69,Tons,19470000
2020,216299,GRAPESWINE,5,Amador,5360,2.31,12400,1318.31,Tons,16347000
2020,216299,GRAPESWINE,9,Calaveras,579,3.06,1770,1325.99,Tons,2347000
2020,216299,GRAPESWINE,11,Colusa,747,6.02,4500,684.67,Tons,3081000
2020,216299,GRAPESWINE,13,ContraCosta,1940,4.69,9090,751.27,Tons,6829000
2020,216299,GRAPESWINE,17,ElDorado,2620,2.38,6240,1548.56,Tons,9663000
2020,216299,GRAPESWINE,19,Fresno,56900,12.13,690000,362.14,Tons,249877000
2020,216299,GRAPESWINE,29,Kern,25200,7.54,190000,314.04,Tons,59668000
2020,216299,GRAPESWINE,31,Kings,3590,16.46,59100,286.87,Tons,16954000
2020,216299,GRAPESWINE,33,Lake,9580,4.12,39500,1329.37,Tons,52510000
2020,216299,GRAPESWINE,39,Madera,33000,11.82,390000,348.98,Tons,136101000
2020,216299,GRAPESWINE,41,Marin,195,1.33,260,3607.69,Tons,938000
2020,216299,GRAPESWINE,45,Mendocino,16400,3.37,55200,1488.8,Tons,82182000
2020,216299,GRAPESWINE,47,Merced,13200,10.91,144000,440.41,Tons,63419000
2020,216299,GRAPESWINE,53,Monterey,44900,2.1,94300,1123.98,Tons,105991000
2020,216299,GRAPESWINE,55,Napa,45200,2.2,99300,4646.48,Tons,461395000
2020,216299,GRAPESWINE,57,Nevada,408,,,,,2666000
2020,216299,GRAPESWINE,61,Placer,315,2.79,879,2235.49,Tons,1965000
2020,216299,GRAPESWINE,65,Riverside,1740,6.72,11700,1623.93,Tons,19000000
2020,216299,GRAPESWINE,67,Sacramento,36000,8.19,295000,528.73,Tons,155975000
2020,216299,GRAPESWINE,69,SanBenito,4740,5.23,24800,1402.14,Tons,34773000
2020,216299,GRAPESWINE,71,SanBernardino,372,0.61,227,1938.33,Tons,440000
2020,216299,GRAPESWINE,73,SanDiego,1370,2.24,3070,1695.77,Tons,5206000
2020,216299,GRAPESWINE,77,SanJoaquin,91200,6.67,608000,560.71,Tons,340913000
2020,216299,GRAPESWINE,79,SanLuisObispo,43800,3.04,133000,1640.89,Tons,218238000
2020,216299,GRAPESWINE,81,SanMateo,176,,,,,1312000
2020,216299,GRAPESWINE,83,SantaBarbara,14400,2.97,42800,2192.43,Tons,93836000
2020,216299,GRAPESWINE,85,SantaClara,1730,3.49,6040,1983.77,Tons,11982000
2020,216299,GRAPESWINE,87,SantaCruz,670,2.39,1600,3008.75,Tons,4814000
2020,216299,GRAPESWINE,89,Shasta,200,2.5,500,1000,Tons,500000
2020,216299,GRAPESWINE,95,Solano,4000,5.6,22400,945.94,Tons,21189000
2020,216299,GRAPESWINE,97,Sonoma,56800,2.61,148000,2375.08,Tons,351512000
2020,216299,GRAPESWINE,99,Stanislaus,8500,9.49,80700,440.61,Tons,35557000
2020,216299,GRAPESWINE,103,Tehama,138,4.23,584,1804.79,Tons,1054000
2020,216299,GRAPESWINE,107,Tulare,6500,17.23,112000,317,Tons,35504000
2020,216299,GRAPESWINE,113,Yolo,19200,7.81,150000,699.67,Tons,104951000
2019,216299,GRAPESWINE,1,Alameda,3390,5.34,18100,1503.04,Tons,27205000
2019,216299,GRAPESWINE,5,Amador,4880,3.55,17300,1250,Tons,21625000
2019,216299,GRAPESWINE,9,Calaveras,711,4.5,3200,1419.69,Tons,4543000
2019,216299,GRAPESWINE,11,Colusa,1890,8.84,16700,806.35,Tons,13466000
2019,216299,GRAPESWINE,13,ContraCosta,2140,5.47,11700,809.4,Tons,9470000
2019,216299,GRAPESWINE,17,ElDorado,2640,2.66,7020,1722.51,Tons,12092000
2019,216299,GRAPESWINE,19,Fresno,53500,13.83,740000,343.65,Tons,254300000
2019,216299,GRAPESWINE,29,Kern,28500,8.46,241000,238.81,Tons,57554000
2019,216299,GRAPESWINE,31,Kings,3670,17.19,63100,268.86,Tons,16965000
2019,216299,GRAPESWINE,33,Lake,9340,5.05,47200,1773.62,Tons,83715000
2019,216299,GRAPESWINE,39,Madera,34100,11.26,384000,340.01,Tons,130562000
2019,216299,GRAPESWINE,41,Marin,195,2.08,406,3371.92,,1369000
2019,216299,GRAPESWINE,43,Mariposa,73,0.52,38,1263.16,Tons,48000
2019,216299,GRAPESWINE,45,Mendocino,16500,4.11,67800,1678.6,Tons,113809000
2019,216299,GRAPESWINE,47,Merced,13200,11.36,150000,398.3,Tons,59745000
2019,216299,GRAPESWINE,53,Monterey,44700,2.95,132000,1409.82,Tons,186096000
2019,216299,GRAPESWINE,55,Napa,44200,3.62,160000,5862.26,Tons,937962000
2019,216299,GRAPESWINE,57,Nevada,416,3.92,1630,1564.42,,2550000
2019,216299,GRAPESWINE,61,Placer,307,3.75,1150,1386.09,Tons,1594000
2019,216299,GRAPESWINE,65,Riverside,1730,3.82,6600,2503.64,Tons,16524000
2019,216299,GRAPESWINE,67,Sacramento,35500,8.9,316000,555.13,Tons,175422000
2019,216299,GRAPESWINE,69,SanBenito,4740,4.62,21900,1526.21,Tons,33424000
2019,216299,GRAPESWINE,71,SanBernardino,219,1.38,302,1231.79,Tons,372000
2019,216299,GRAPESWINE,73,SanDiego,1510,2.38,3600,1550,Tons,5580000
2019,216299,GRAPESWINE,77,SanJoaquin,95900,7.11,682000,546.14,Tons,372467000
2019,216299,GRAPESWINE,79,SanLuisObispo,48400,3.1,150000,1695.15,Tons,254273000
2019,216299,GRAPESWINE,81,SanMateo,181,,,,,1341000
2019,216299,GRAPESWINE,83,SantaBarbara,14900,3.37,50200,2113.13,Tons,106079000
2019,216299,GRAPESWINE,85,SantaClara,1700,3.4,5780,1997.4,Tons,11545000
2019,216299,GRAPESWINE,87,SantaCruz,679,2.55,1730,3384.97,Tons,5856000
2019,216299,GRAPESWINE,89,Shasta,170,1.7,289,1000,Tons,289000
2019,216299,GRAPESWINE,95,Solano,3730,5.47,20400,1058.19,Tons,21587000
2019,216299,GRAPESWINE,97,Sonoma,57500,4,230000,2843.57,Tons,654021000
2019,216299,GRAPESWINE,99,Stanislaus,9230,9.17,84600,481.54,Tons,40738000
2019,216299,GRAPESWINE,103,Tehama,162,3.36,544,1604.78,Tons,873000
2019,216299,GRAPESWINE,105,Trinity,44,1.93,85,1729.41,Tons,147000
2019,216299,GRAPESWINE,107,Tulare,6260,18.69,117000,290,Tons,33930000
2019,216299,GRAPESWINE,113,Yolo,19100,7.17,137000,789.36,Tons,108143000
2018,216299,GRAPESWINE,1,Alameda,3390,5.34,18100,1503.04,Tons,27205000
2018,216299,GRAPESWINE,5,Amador,4910,3.71,18200,1362.09,Tons,24790000
2018,216299,GRAPESWINE,9,Calaveras,711,3.21,2280,1486.84,Tons,3390000
2018,216299,GRAPESWINE,11,Colusa,1970,8.22,16200,853.46,Tons,13826000
2018,216299,GRAPESWINE,13,ContraCosta,2440,5.29,12900,897.83,Tons,11582000
2018,216299,GRAPESWINE,17,ElDorado,2670,2.57,6850,1630.51,Tons,11169000
2018,216299,GRAPESWINE,19,Fresno,59500,12.92,769000,373.14,Tons,286941000
2018,216299,GRAPESWINE,29,Kern,29200,9.45,276000,299.00,Tons,82523000
2018,216299,GRAPESWINE,31,Kings,3670,15.07,55300,293.16,Tons,16212000
2018,216299,GRAPESWINE,33,Lake,9250,5.02,46400,1755.82,Tons,81470000
2018,216299,GRAPESWINE,39,Madera,34800,11.15,388000,323.02,Tons,125331000
2018,216299,GRAPESWINE,41,Marin,195,1.96,382,3201.57,Tons,1223000
2018,216299,GRAPESWINE,43,Mariposa,73,0.52,38,1263.16,Tons,48000
2018,216299,GRAPESWINE,45,Mendocino,16700,4.90,81900,1684.40,Tons,137952000
2018,216299,GRAPESWINE,47,Merced,13400,9.70,130000,392.85,Tons,51070000
2018,216299,GRAPESWINE,53,Monterey,44900,4.01,180000,1376.43,Tons,247758000
2018,216299,GRAPESWINE,55,Napa,43400,4.26,185000,5614.05,Tons,1038600000
2018,216299,GRAPESWINE,57,Nevada,416,4.52,1880,1284.57,Tons,2415000
2018,216299,GRAPESWINE,61,Placer,293,3.65,1070,1355.14,Tons,1450000
2018,216299,GRAPESWINE,65,Riverside,2310,3.81,8800,1623.52,Tons,14287000
2018,216299,GRAPESWINE,67,Sacramento,36400,8.79,320000,583.68,Tons,186777000
2018,216299,GRAPESWINE,69,SanBenito,4740,4.77,22600,1500.66,Tons,33915000
2018,216299,GRAPESWINE,71,SanBernardino,223,0.35,78,1205.13,Tons,94000
2018,216299,GRAPESWINE,73,SanDiego,1640,2.00,3280,1399.70,Tons,4591000
2018,216299,GRAPESWINE,77,SanJoaquin,97200,7.73,751000,573.23,Tons,430492000
2018,216299,GRAPESWINE,79,SanLuisObispo,42900,4.13,177000,1559.33,Tons,276002000
2018,216299,GRAPESWINE,81,SanMateo,126,,,,Tons,1407000
2018,216299,GRAPESWINE,83,SantaBarbara,16200,3.65,59100,2052.57,Tons,121307000
2018,216299,GRAPESWINE,85,SantaClara,1670,3.74,6250,1797.60,Tons,11235000
2018,216299,GRAPESWINE,87,SantaCruz,630,2.27,1430,2934.97,Tons,4197000
2018,216299,GRAPESWINE,89,Shasta,170,2.60,442,1138.01,Tons,503000
2018,216299,GRAPESWINE,95,Solano,3720,6.45,24000,1225.17,Tons,29404000
2018,216299,GRAPESWINE,97,Sonoma,59900,4.61,276000,2817.66,Tons,777675000
2018,216299,GRAPESWINE,103,Tehama,141,5.16,728,1837.91,Tons,1338000
2018,216299,GRAPESWINE,105,Trinity,44,1.93,85,1729.41,Tons,147000
2018,216299,GRAPESWINE,107,Tulare,8410,17.72,149000,314.00,Tons,46786000
2018,216299,GRAPESWINE,113,Yolo,14800,6.53,96600,865.38,Tons,83596000
2017,216299,GRAPESWINE,1,Alameda,2420,5.08,12300,1447.32,Tons,17802000
2017,216299,GRAPESWINE,5,Amador,4570,3.54,16200,1418.70,Tons,22983000
2017,216299,GRAPESWINE,9,Calaveras,683,2.94,2010,1479.10,Tons,2973000
2017,216299,GRAPESWINE,11,Colusa,1670,10.42,17400,773.10,Tons,13452000
2017,216299,GRAPESWINE,13,ContraCosta,2550,5.06,12900,924.03,Tons,11920000
2017,216299,GRAPESWINE,17,ElDorado,2340,2.53,5930,1503.20,Tons,8914000
2017,216299,GRAPESWINE,19,Fresno,59700,13.32,795000,361.02,Tons,287013000
2017,216299,GRAPESWINE,29,Kern,32200,8.60,277000,311.22,Tons,86209000
2017,216299,GRAPESWINE,31,Kings,3600,15.64,56300,287.14,Tons,16166000
2017,216299,GRAPESWINE,33,Lake,8230,5.65,46500,1691.27,Tons,78644000
2017,216299,GRAPESWINE,39,Madera,36800,10.65,392000,304.11,Tons,119212000
2017,216299,GRAPESWINE,41,Marin,195,1.49,291,3072.16,Tons,894000
2017,216299,GRAPESWINE,43,Mariposa,73,0.52,38,1263.16,Tons,48000
2017,216299,GRAPESWINE,45,Mendocino,16900,3.39,57300,1540.79,Tons,88287000
2017,216299,GRAPESWINE,47,Merced,13600,10.37,141000,349.32,Tons,49254000
2017,216299,GRAPESWINE,53,Monterey,44300,3.86,171000,1397.82,Tons,239027000
2017,216299,GRAPESWINE,55,Napa,43600,3.26,142000,5287.55,Tons,750832000
2017,216299,GRAPESWINE,57,Nevada,416,3.65,1520,1287.50,Tons,1957000
2017,216299,GRAPESWINE,61,Placer,270,3.01,814,1371.01,Tons,1116000
2017,216299,GRAPESWINE,65,Riverside,2530,3.44,8700,1520.34,Tons,13227000
2017,216299,GRAPESWINE,67,Sacramento,35300,7.79,275000,618.84,Tons,170181000
2017,216299,GRAPESWINE,69,SanBenito,4380,4.86,21300,1460.89,Tons,31117000
2017,216299,GRAPESWINE,71,SanBernardino,268,1.69,454,663.00,Tons,301000
2017,216299,GRAPESWINE,73,SanDiego,1210,2.30,2780,1386.33,Tons,3854000
2017,216299,GRAPESWINE,77,SanJoaquin,98100,6.79,666000,593.91,Tons,395541000
2017,216299,GRAPESWINE,79,SanLuisObispo,42200,3.89,164000,1632.09,Tons,267662000
2017,216299,GRAPESWINE,81,SanMateo,164,,,,Tons,1182000
2017,216299,GRAPESWINE,83,SantaBarbara,21600,3.37,72700,2010.04,Tons,146130000
2017,216299,GRAPESWINE,85,SantaClara,1600,3.44,5510,1827.04,Tons,10067000
2017,216299,GRAPESWINE,87,SantaCruz,638,2.35,1500,3226.67,Tons,4840000
2017,216299,GRAPESWINE,89,Shasta,170,2.50,425,1134.12,Tons,482000
2017,216299,GRAPESWINE,95,Solano,4110,4.62,19000,1072.05,Tons,20369000
2017,216299,GRAPESWINE,97,Sonoma,60000,3.43,206000,2807.34,Tons,578313000
2017,216299,GRAPESWINE,105,Trinity,44,1.93,85,1729.41,Tons,147000
2017,216299,GRAPESWINE,107,Tulare,9450,17.35,164000,308.00,Tons,50512000
2017,216299,GRAPESWINE,113,Yolo,14800,6.89,102000,843.25,Tons,86012000
2016,216299,GRAPESWINE,1,Alameda,2630,4.83,12700,1432.2,Tons,18189000
2016,216299,GRAPESWINE,5,Amador,4260,3.17,13500,1335.41,Tons,18028000
2016,216299,GRAPESWINE,9,Calaveras,696,2.89,2010,1375.62,Tons,2765000
2016,216299,GRAPESWINE,11,Colusa,1390,10.36,14400,542.15,Tons,7807000
2016,216299,GRAPESWINE,13,ContraCosta,2500,5.04,12600,1096.03,Tons,13810000
2016,216299,GRAPESWINE,17,ElDorado,2340,2.58,6030,1449.59,Tons,8741000
2016,216299,GRAPESWINE,19,Fresno,75500,10,755000,382.85,Tons,289053000
2016,216299,GRAPESWINE,29,Kern,29700,7.85,233000,298.54,Tons,69559000
2016,216299,GRAPESWINE,31,Kings,3730,13.62,50800,286.22,Tons,14540000
2016,216299,GRAPESWINE,33,Lake,8230,5.65,46500,1691.27,Tons,78644000
2016,216299,GRAPESWINE,39,Madera,37300,11.23,419000,314.01,Tons,131571000
2016,216299,GRAPESWINE,41,Marin,182,1.37,250,3468,Tons,867000
2016,216299,GRAPESWINE,43,Mariposa,73,0.52,38,1263.16,Tons,48000
2016,216299,GRAPESWINE,45,Mendocino,16900,3.39,57300,1540.79,Tons,88287000
2016,216299,GRAPESWINE,47,Merced,13600,11.18,152000,525.6,Tons,79891000
2016,216299,GRAPESWINE,53,Monterey,44800,3.84,172000,1388.91,Tons,238892000
2016,216299,GRAPESWINE,55,Napa,43400,3.53,153000,4768.02,Tons,729507000
2016,216299,GRAPESWINE,57,Nevada,417,3.33,1390,1386.33,Tons,1927000
2016,216299,GRAPESWINE,61,Placer,265,3.11,823,1245.44,Tons,1025000
2016,216299,GRAPESWINE,65,Riverside,2630,2.09,5500,1746.18,Tons,9604000
2016,216299,GRAPESWINE,67,Sacramento,33900,8.5,288000,639.59,Tons,184202000
2016,216299,GRAPESWINE,69,SanBenito,4380,4.86,21300,1460.89,Tons,31117000
2016,216299,GRAPESWINE,71,SanBernardino,268,0.72,192,1463.54,Tons,281000
2016,216299,GRAPESWINE,73,SanDiego,930,2.71,2520,1192.46,Tons,3005000
2016,216299,GRAPESWINE,77,SanJoaquin,98000,7.31,716000,594.67,Tons,425781000
2016,216299,GRAPESWINE,79,SanLuisObispo,40300,3.87,156000,1557.05,Tons,242900000
2016,216299,GRAPESWINE,81,SanMateo,152,,,,Tons,703000
2016,216299,GRAPESWINE,83,SantaBarbara,21300,3.87,82500,1837.94,Tons,151630000
2016,216299,GRAPESWINE,85,SantaClara,1580,2.84,4490,1703.56,Tons,7649000
2016,216299,GRAPESWINE,87,SantaCruz,626,2.43,1520,2988.82,Tons,4543000
2016,216299,GRAPESWINE,89,Shasta,160,1.7,272,1110.29,Tons,302000
2016,216299,GRAPESWINE,95,Solano,4110,5.79,23800,821.85,Tons,19560000
2016,216299,GRAPESWINE,97,Sonoma,60000,3.77,226000,2595.21,Tons,586518000
2016,216299,GRAPESWINE,105,Trinity,44,1.93,85,1729.41,Tons,147000
2016,216299,GRAPESWINE,107,Tulare,9940,15.29,152000,303,Tons,46056000
2016,216299,GRAPESWINE,113,Yolo,14500,7.1,103000,788.97,Tons,81264000
2015,216299,GRAPESWINE,1,Alameda,2400,4.14,9940,1529.98,Tons,15208000
2015,216299,GRAPESWINE,5,Amador,4530,2.49,11300,1294.78,Tons,14631000
2015,216299,GRAPESWINE,9,Calaveras,900,1.90,1710,1300.00,Tons,2223000
2015,216299,GRAPESWINE,11,Colusa,1820,8.35,15200,463.82,Tons,7050000
2015,216299,GRAPESWINE,13,ContraCosta,1900,4.44,8430,874.02,Tons,7368000
2015,216299,GRAPESWINE,17,ElDorado,2220,2.42,5370,1508.19,Tons,8099000
2015,216299,GRAPESWINE,19,Fresno,60200,12.79,770000,312.55,Tons,240662000
2015,216299,GRAPESWINE,29,Kern,30000,8.63,259000,303.26,Tons,78544000
2015,216299,GRAPESWINE,31,Kings,3330,12.19,40600,261.01,Tons,10597000
2015,216299,GRAPESWINE,33,Lake,8060,4.81,38800,1633.76,Tons,63390000
2015,216299,GRAPESWINE,39,Madera,39000,11.44,446000,302.00,Tons,134694000
2015,216299,GRAPESWINE,41,Marin,175,0.59,103,3368.93,Tons,347000
2015,216299,GRAPESWINE,43,Mariposa,73,0.52,38,1263.16,Tons,48000
2015,216299,GRAPESWINE,45,Mendocino,16900,3.39,57300,1540.79,Tons,88287000
2015,216299,GRAPESWINE,47,Merced,13700,9.20,126000,424.01,Tons,53425000
2015,216299,GRAPESWINE,53,Monterey,44300,3.16,140000,1328.04,Tons,185925000
2015,216299,GRAPESWINE,55,Napa,43000,2.88,124000,4410.76,Tons,546934000
2015,216299,GRAPESWINE,57,Nevada,352,1.87,659,1349.01,Tons,889000
2015,216299,GRAPESWINE,61,Placer,215,1.63,350,1488.57,Tons,521000
2015,216299,GRAPESWINE,65,Riverside,2630,3.80,10000,1363.90,Tons,13639000
2015,216299,GRAPESWINE,67,Sacramento,31200,7.12,222000,577.18,Tons,128134000
2015,216299,GRAPESWINE,69,SanBenito,4120,3.37,13900,1321.80,Tons,18373000
2015,216299,GRAPESWINE,71,SanBernardino,373,0.46,171,608.19,Tons,104000
2015,216299,GRAPESWINE,73,SanDiego,969,3.00,2910,1454.64,Tons,4233000
2015,216299,GRAPESWINE,77,SanJoaquin,97900,6.23,610000,576.15,Tons,351453000
2015,216299,GRAPESWINE,79,SanLuisObispo,39000,2.53,98800,1482.14,Tons,146435000
2015,216299,GRAPESWINE,81,SanMateo,165,,,,Tons,677000
2015,216299,GRAPESWINE,83,SantaBarbara,21300,3.12,66400,1599.37,Tons,106198000
2015,216299,GRAPESWINE,85,SantaClara,1540,2.09,3220,1710.87,Tons,5509000
2015,216299,GRAPESWINE,87,SantaCruz,656,1.26,827,2844.01,Tons,2352000
2015,216299,GRAPESWINE,89,Shasta,160,1.20,192,817.71,Tons,157000
2015,216299,GRAPESWINE,95,Solano,4440,4.03,17900,837.32,Tons,14988000
2015,216299,GRAPESWINE,97,Sonoma,58200,3.14,183000,2440.10,Tons,446539000
2015,216299,GRAPESWINE,107,Tulare,8860,16.25,144000,297.00,Tons,42768000
2015,216299,GRAPESWINE,113,Yolo,13300,6.84,91000,774.31,Tons,70462000
2014,216299,GRAPESWINE,1,Alameda,2420,4.38,10600,1486.42,Tons,15756000
2014,216299,GRAPESWINE,5,Amador,3900,3.18,12400,1271.85,Tons,15771000
2014,216299,GRAPESWINE,9,Calaveras,900,2.18,1960,1391.33,Tons,2727000
2014,216299,GRAPESWINE,11,Colusa,2170,8.29,18000,548.61,Tons,9875000
2014,216299,GRAPESWINE,17,ElDorado,2110,2.53,5340,1420.04,Tons,7583000
2014,216299,GRAPESWINE,19,Fresno,58700,11.24,660000,391.95,Tons,258688000
2014,216299,GRAPESWINE,29,Kern,27800,9.82,273000,314.21,Tons,85780000
2014,216299,GRAPESWINE,31,Kings,4800,11.96,57400,289.79,Tons,16634000
2014,216299,GRAPESWINE,33,Lake,8070,4.80,38700,1521.11,Tons,58867000
2014,216299,GRAPESWINE,39,Madera,40300,9.73,392000,336.81,Tons,132031000
2014,216299,GRAPESWINE,41,Marin,175,1.86,325,2163.08,Tons,703000
2014,216299,GRAPESWINE,43,Mariposa,77,0.77,59,1118.64,Tons,66000
2014,216299,GRAPESWINE,45,Mendocino,16900,3.67,62000,1511.15,Tons,93691000
2014,216299,GRAPESWINE,47,Merced,12900,8.60,111000,300.92,Tons,33402000
2014,216299,GRAPESWINE,53,Monterey,46000,4.35,200000,1236.79,Tons,247357000
2014,216299,GRAPESWINE,55,Napa,43600,4.04,176000,4061.43,Tons,714811000
2014,216299,GRAPESWINE,57,Nevada,342,3.86,1320,1341.67,Tons,1771000
2014,216299,GRAPESWINE,61,Placer,212,2.57,545,1390.83,Tons,758000
2014,216299,GRAPESWINE,65,Riverside,2720,3.93,10700,1274.30,Tons,13635000
2014,216299,GRAPESWINE,67,Sacramento,30000,7.50,225000,581.62,Tons,130864000
2014,216299,GRAPESWINE,69,SanBenito,4470,2.86,12800,1198.05,Tons,15335000
2014,216299,GRAPESWINE,71,SanBernardino,270,0.53,144,798.61,Tons,115000
2014,216299,GRAPESWINE,73,SanDiego,923,4.60,4250,1545.41,Tons,6568000
2014,216299,GRAPESWINE,77,SanJoaquin,102000,8.00,816000,590.00,Tons,481440000
2014,216299,GRAPESWINE,79,SanLuisObispo,37400,3.82,143000,1425.07,Tons,203785000
2014,216299,GRAPESWINE,81,SanMateo,154,,,,Tons,1031000
2014,216299,GRAPESWINE,83,SantaBarbara,21100,4.29,90600,1713.64,Tons,155256000
2014,216299,GRAPESWINE,85,SantaClara,1600,3.53,5640,1483.69,Tons,8368000
2014,216299,GRAPESWINE,87,SantaCruz,654,2.55,1670,2921.56,Tons,4879000
2014,216299,GRAPESWINE,89,Shasta,160,2.90,464,1133.62,Tons,526000
2014,216299,GRAPESWINE,95,Solano,4380,5.25,23000,766.13,Tons,17621000
2014,216299,GRAPESWINE,97,Sonoma,58300,4.39,256000,2315.62,Tons,592798000
2014,216299,GRAPESWINE,107,Tulare,11200,15.98,179000,311.00,Tons,55669000
2014,216299,GRAPESWINE,113,Yolo,12600,7.37,92800,743.10,Tons,68960000
2013,216299,GRAPESWINE,001,Alameda,2800,5.82,16300,979.45,tons,15965000
2013,216299,GRAPESWINE,005,Amador,4040,3.61,14600,1281.71,tons,18713000
2013,216299,GRAPESWINE,009,Calaveras,910,2.70,2460,1388.21,tons,3415000
2013,216299,GRAPESWINE,011,Colusa,2460,8.29,20400,638.82,tons,13032000
2013,216299,GRAPESWINE,017,ElDorado,2120,2.71,5740,1395.64,tons,8011000
2013,216299,GRAPESWINE,019,Fresno,54571,13.12,716000,409.68,tons,293328000
2013,216299,GRAPESWINE,029,Kern,27200,11.18,304000,408.35,tons,124139000
2013,216299,GRAPESWINE,031,Kings,4280,13.62,58300,326.90,tons,19058000
2013,216299,GRAPESWINE,033,Lake,8250,5.28,43600,1406.88,tons,61340000
2013,216299,GRAPESWINE,039,Madera,40000,11.05,442000,383.71,tons,169601000
2013,216299,GRAPESWINE,041,Marin,175,1.75,306,2856.21,tons,874000
2013,216299,GRAPESWINE,043,Mariposa,110,1.15,127,1283.46,tons,163000
2013,216299,GRAPESWINE,045,Mendocino,16800,4.64,77900,1452.37,tons,113140000
2013,216299,GRAPESWINE,047,Merced,12400,12.02,149000,424.19,tons,63205000
2013,216299,GRAPESWINE,051,Mono,25,3.00,75,637.33,tons,47800
2013,216299,GRAPESWINE,053,Monterey,43000,4.30,185000,1226.93,tons,226982000
2013,216299,GRAPESWINE,055,Napa,43600,4.01,175000,3749.91,tons,656235000
2013,216299,GRAPESWINE,057,Nevada,424,2.92,1240,1521.77,tons,1887000
2013,216299,GRAPESWINE,061,Placer,211,3.55,750,1225.33,tons,919000
2013,216299,GRAPESWINE,065,Riverside,2670,4.01,10700,1274.21,tons,13634000
2013,216299,GRAPESWINE,067,Sacramento,29000,8.41,244000,533.26,tons,130115000
2013,216299,GRAPESWINE,069,SanBenito,3890,4.06,15800,1377.97,tons,21772000
2013,216299,GRAPESWINE,071,SanBernardino,270,0.69,185,978.38,tons,181000
2013,216299,GRAPESWINE,073,SanDiego,842,5.00,4210,1547.03,tons,6513000
2013,216299,GRAPESWINE,077,SanJoaquin,96400,8.93,861000,576.50,tons,496370000
2013,216299,GRAPESWINE,079,SanLuisObispo,36300,4.55,165000,1335.48,tons,220355000
2013,216299,GRAPESWINE,081,SanMateo,153,,,,tons,1073000
2013,216299,GRAPESWINE,083,SantaBarbara,21000,4.16,87400,1869.13,tons,163362000
2013,216299,GRAPESWINE,085,SantaClara,1590,3.84,6100,1442.95,tons,8802000
2013,216299,GRAPESWINE,087,SantaCruz,656,2.71,1780,2584.83,tons,4601000
2013,216299,GRAPESWINE,089,Shasta,160,2.00,320,1162.50,tons,372000
2013,216299,GRAPESWINE,095,Solano,3910,5.42,21200,848.92,tons,17997000
2013,216299,GRAPESWINE,097,Sonoma,59800,4.53,271000,2232.72,tons,605068000
2013,216299,GRAPESWINE,105,Trinity,114,2.33,266,1214.29,tons,323000
2013,216299,GRAPESWINE,107,Tulare,10900,16.24,177000,368.00,tons,65136000
2013,216299,GRAPESWINE,113,Yolo,13000,7.77,101000,688.05,tons,69493000
2012,216299,GRAPESWINE,1,Alameda,2940,3.74,11000,1251.27,Tons,13764000
2012,216299,GRAPESWINE,5,Amador,4000,3.25,13000,1183.38,TONS,15384000
2012,216299,GRAPESWINE,9,Calaveras,910,2.50,2275,1236.92,TONS,2814000
2012,216299,GRAPESWINE,11,Colusa,2450,10.29,25200,594.56,Tons,14983000
2012,216299,GRAPESWINE,17,ElDorado,2060,2.75,5675,1378.68,Tons,7824000
2012,216299,GRAPESWINE,19,Fresno,86700,10.38,900000,385.48,Tons,346934000
2012,216299,GRAPESWINE,29,Kern,35800,10.59,379000,382.74,Tons,145059000
2012,216299,GRAPESWINE,31,Kings,4110,12.90,53000,315.06,Tons,16698000
2012,216299,GRAPESWINE,33,Lake,8160,4.26,34800,1375.86,Tons,47880000
2012,216299,GRAPESWINE,39,Madera,51100,10.84,554000,374.78,Tons,207626000
2012,216299,GRAPESWINE,41,Marin,186,2.08,387,3170.54,Tons,1227000
2012,216299,GRAPESWINE,43,Mariposa,104,0.99,103,1135.92,Tons,117000
2012,216299,GRAPESWINE,45,Mendocino,16800,4.23,71100,1438.90,Tons,102306000
2012,216299,GRAPESWINE,47,Merced,12200,11.23,137000,421.80,Tons,57787000
2012,216299,GRAPESWINE,51,Mono,3,25.00,75,653.33,Tons,49000
2012,216299,GRAPESWINE,53,Monterey,45100,3.81,172000,1247.49,Tons,214568000
2012,216299,GRAPESWINE,55,Napa,43200,4.24,183000,3585.99,Tons,656236000
2012,216299,GRAPESWINE,57,Nevada,312,2.75,858,1393.94,Tons,1196000
2012,216299,GRAPESWINE,61,Placer,197,3.55,699,1100.14,Tons,769000
2012,216299,GRAPESWINE,65,Riverside,2740,3.15,8620,1240.37,Tons,10692000
2012,216299,GRAPESWINE,67,Sacramento,32400,8.09,262000,570.74,Tons,149534000
2012,216299,GRAPESWINE,69,SanBenito,3650,4.77,17400,1097.53,Tons,19097000
2012,216299,GRAPESWINE,71,SanBernardino,317,2.01,638,598.75,Tons,382000
2012,216299,GRAPESWINE,73,SanDiego,752,6.40,4810,1149.69,Tons,5530000
2012,216299,GRAPESWINE,77,SanJoaquin,109000,8.18,892000,605.72,Tons,540303000
2012,216299,GRAPESWINE,79,SanLuisObisp,36600,4.10,150000,1319.60,Tons,197940000
2012,216299,GRAPESWINE,81,SanMateo,131,,,,Tons,694000
2012,216299,GRAPESWINE,83,SantaBarbara,20500,3.26,66800,1363.88,Tons,91107000
2012,216299,GRAPESWINE,85,SantaClara,1580,3.92,6190,1170.92,Tons,7248000
2012,216299,GRAPESWINE,87,SantaCruz,630,3.16,1990,2701.01,Tons,5375000
2012,216299,GRAPESWINE,89,Shasta,160,1.50,240,975.00,Tons,234000
2012,216299,GRAPESWINE,95,Solano,4040,5.89,23800,831.01,Tons,19778000
2012,216299,GRAPESWINE,97,Sonoma,58300,4.58,267000,2183.30,Tons,582942000
2012,216299,GRAPESWINE,105,Trinity,114,2.33,266,1214.29,Tons,323000
2012,216299,GRAPESWINE,107,Tulare,15900,13.65,217000,348.53,Tons,75631000
2012,216299,GRAPESWINE,113,Yolo,12200,7.84,95700,692.72,Tons,66293000
2011,216299,GRAPESWINE,1,Alameda,2650,3.47,9190,1296.63,Tons,11916000
2011,216299,GRAPESWINE,5,Amador,3480,2.93,10200,1144.71,TONS,11676000
2011,216299,GRAPESWINE,9,Calaveras,900,2.4,2160,1350,TONS,2916000
2011,216299,GRAPESWINE,11,Colusa,2400,7.25,17400,615.52,Tons,10710000
2011,216299,GRAPESWINE,17,ElDorado,2010,2.12,4270,1203.04,Tons,5137000
2011,216299,GRAPESWINE,19,Fresno,68900,13.13,905000,335.5,Tons,303628000
2011,216299,GRAPESWINE,29,Kern,35000,11.66,408000,331.26,Tons,135155000
2011,216299,GRAPESWINE,31,Kings,3590,15.1,54200,308.67,Tons,16730000
2011,216299,GRAPESWINE,33,Lake,8180,4.16,34000,1176.26,Tons,39993000
2011,216299,GRAPESWINE,39,Madera,48900,10.82,529000,307.56,Tons,162698000
2011,216299,GRAPESWINE,41,Marin,186,1.03,191,4623.04,Tons,883000
2011,216299,GRAPESWINE,43,Mariposa,106,0.75,80,1165,Tons,93200
2011,216299,GRAPESWINE,45,Mendocino,16700,3.44,57400,1247.32,Tons,71596000
2011,216299,GRAPESWINE,47,Merced,11600,10.09,117000,428.88,Tons,50179000
2011,216299,GRAPESWINE,51,Mono,4,23.5,94,670.21,Tons,63000
2011,216299,GRAPESWINE,53,Monterey,43000,2.88,124000,1136.9,Tons,140976000
2011,216299,GRAPESWINE,55,Napa,43600,2.8,122000,3470.84,Tons,423442000
2011,216299,GRAPESWINE,57,Nevada,343,5.19,1780,1101.12,Tons,1960000
2011,216299,GRAPESWINE,61,Placer,190,1.94,368,1089.67,Tons,401000
2011,216299,GRAPESWINE,65,Riverside,2772,2.3,6380,1050.31,Tons,6701000
2011,216299,GRAPESWINE,67,Sacramento,27200,6.51,177000,525.01,Tons,92926000
2011,216299,GRAPESWINE,69,SanBenito,3650,3.75,13700,1026.06,Tons,14057000
2011,216299,GRAPESWINE,71,SanBernardino,317,2.23,708,382.77,Tons,271000
2011,216299,GRAPESWINE,73,SanDiego,416,2,832,1086.54,Tons,904000
2011,216299,GRAPESWINE,77,SanJoaquin,92600,5.6,519000,550.56,Tons,285739000
2011,216299,GRAPESWINE,79,SanLuisObispo,35100,3.28,115000,1128.16,Tons,129738000
2011,216299,GRAPESWINE,81,SanMateo,135,,,,Tons,508000
2011,216299,GRAPESWINE,83,SantaBarbara,20500,2.93,60100,1280.52,Tons,76959000
2011,216299,GRAPESWINE,85,SantaClara,1550,3.17,4910,1344.4,Tons,6601000
2011,216299,GRAPESWINE,87,SantaCruz,644,1.04,670,2398.51,Tons,1607000
2011,216299,GRAPESWINE,89,Shasta,150,2.4,360,1050,Tons,378000
2011,216299,GRAPESWINE,95,Solano,3900,3.67,14300,728.6,Tons,10419000
2011,216299,GRAPESWINE,97,Sonoma,58100,2.87,167000,2078.32,Tons,347080000
2011,216299,GRAPESWINE,105,Trinity,114,2.33,266,1214.29,Tons,323000
2011,216299,GRAPESWINE,107,Tulare,21700,11.89,258000,306.47,Tons,79070000
2011,216299,GRAPESWINE,113,Yolo,12000,6.8,81600,597.51,Tons,48757000
2011,216299,GRAPESWINE,115,Yuba,57,2.19,125,1144,Tons,143000
2010,216299,GRAPESWINE,1,Alameda,2240,5.63,12600,906.27,Tons,11419000
2010,216299,GRAPESWINE,5,Amador,3430,2.92,10000,1038.3,TONS,10383000
2010,216299,GRAPESWINE,9,Calaveras,800,3,2400,1300,TONS,3120000
2010,216299,GRAPESWINE,17,ElDorado,1950,2.39,4670,1049.04,Tons,4899000
2010,216299,GRAPESWINE,19,Fresno,60100,14.69,883000,279.97,Tons,247213000
2010,216299,GRAPESWINE,29,Kern,34100,13.26,452000,264.38,Tons,119501000
2010,216299,GRAPESWINE,31,Kings,4130,11.84,48900,255.32,Tons,12485000
2010,216299,GRAPESWINE,33,Lake,7940,4.04,32100,1109.66,Tons,35620000
2010,216299,GRAPESWINE,39,Madera,47600,10.4,495000,243.46,Tons,120514000
2010,216299,GRAPESWINE,41,Marin,186,1.11,207,5125.6,Tons,1061000
2010,216299,GRAPESWINE,43,Mariposa,95,1.03,98,820.41,Tons,80400
2010,216299,GRAPESWINE,45,Mendocino,16700,3.95,65900,1121.46,Tons,73904000
2010,216299,GRAPESWINE,47,Merced,11200,9.02,101000,334.29,Tons,33763000
2010,216299,GRAPESWINE,51,Mono,25,3.52,88,647.73,Tons,57000
2010,216299,GRAPESWINE,53,Monterey,43300,4.09,177000,976.93,Tons,172916000
2010,216299,GRAPESWINE,55,Napa,43300,3.21,139000,3265.35,Tons,453883000
2010,216299,GRAPESWINE,57,Nevada,236,3.12,736,1402.17,Tons,1032000
2010,216299,GRAPESWINE,61,Placer,226,2,452,1070.8,Tons,484000
2010,216299,GRAPESWINE,65,Riverside,2100,3.2,6710,1093.74,Tons,7339000
2010,216299,GRAPESWINE,67,Sacramento,24600,8.41,207000,447.13,Tons,92556000
2010,216299,GRAPESWINE,69,SanBenito,3690,5.12,18900,894.66,Tons,16909000
2010,216299,GRAPESWINE,71,SanBernardino,546,1.15,626,538.34,Tons,337000
2010,216299,GRAPESWINE,73,SanDiego,447,1.7,760,1032.89,Tons,785000
2010,216299,GRAPESWINE,77,SanJoaquin,95100,5.7,542000,456.9,Tons,247641000
2010,216299,GRAPESWINE,79,SanLuisObispo,33800,5.15,174000,997.46,Tons,173558000
2010,216299,GRAPESWINE,81,SanMateo,137,,,,Tons,613000
2010,216299,GRAPESWINE,83,SantaBarbara,21800,3.79,82700,1177.45,Tons,97375000
2010,216299,GRAPESWINE,85,SantaClara,1530,3.59,5490,1285.79,Tons,7059000
2010,216299,GRAPESWINE,87,SantaCruz,607,2.22,1350,2271.11,Tons,3066000
2010,216299,GRAPESWINE,89,Shasta,160,3.8,608,1049.34,Tons,638000
2010,216299,GRAPESWINE,95,Solano,3620,3.76,13600,681.99,Tons,9275000
2010,216299,GRAPESWINE,97,Sonoma,56500,3.4,192000,2033.58,Tons,390448000
2010,216299,GRAPESWINE,105,Trinity,114,2.33,266,1214.29,Tons,323000
2010,216299,GRAPESWINE,107,Tulare,18700,12.62,236000,260.17,Tons,61399000
2010,216299,GRAPESWINE,113,Yolo,11400,6.62,75500,604.64,Tons,45650000
2010,216299,GRAPESWINE,115,Yuba,76,4.3,327,1339.45,Tons,438000
2009,216299,GRAPESWINE,1,Alameda,2410,5.02,12110,1158.13,Tons,14025000
2009,216299,GRAPESWINE,5,Amador,3410,3.20,10912,1046.00,TONS,11414000
2009,216299,GRAPESWINE,9,Calaveras,800,3.50,2800,1200.00,TONS,3360000
2009,216299,GRAPESWINE,17,ElDorado,1760,2.93,5165,1139.48,Tons,5885400
2009,216299,GRAPESWINE,19,Fresno,64376,12.48,803560,253.16,Tons,203428000
2009,216299,GRAPESWINE,29,Kern,34260,10.48,358900,273.03,Tons,97990000
2009,216299,GRAPESWINE,31,Kings,4122,12.30,50698,283.86,Tons,14391000
2009,216299,GRAPESWINE,33,Lake,7715,4.10,31623,1215.90,Tons,38450400
2009,216299,GRAPESWINE,39,Madera,50300,9.80,493153,241.25,TONS,118975000
2009,216299,GRAPESWINE,41,Marin,193,1.27,246,3186.59,Tons,783900
2009,216299,GRAPESWINE,43,Mariposa,90,1.11,100,1050.00,Tons,105000
2009,216299,GRAPESWINE,45,Mendocino,16616,3.59,59617,1316.78,Tons,78502500
2009,216299,GRAPESWINE,47,Merced,11317,11.36,128596,325.21,Tons,41821000
2009,216299,GRAPESWINE,53,Monterey,41114,4.99,205000,1161.38,Tons,238082000
2009,216299,GRAPESWINE,55,Napa,43031,3.32,142976,3462.25,Tons,495018700
2009,216299,GRAPESWINE,57,Nevada,248,10.44,2590,542.63,Tons,1405400
2009,216299,GRAPESWINE,61,Placer,211,2.40,506,997.04,Tons,504500
2009,216299,GRAPESWINE,65,Riverside,1891,3.45,6524,1085.99,Tons,7085000
2009,216299,GRAPESWINE,67,Sacramento,25110,7.60,190836,495.50,Tons,94559000
2009,216299,GRAPESWINE,69,SanBenito,3806,4.75,18079,1042.98,Tons,18856000
2009,216299,GRAPESWINE,71,SanBernardino,246,2.17,534,1637.27,Tons,874300
2009,216299,GRAPESWINE,73,SanDiego,489,1.50,734,1203.13,Tons,883100
2009,216299,GRAPESWINE,77,SanJoaquin,91170,7.42,676410,419.47,Tons,283735000
2009,216299,GRAPESWINE,79,SanLuisObispo,34100,4.32,147380,1128.90,Tons,166378000
2009,216299,GRAPESWINE,81,SanMateo,135,,,,,625000
2009,216299,GRAPESWINE,83,SantaBarbara,22050,4.50,99225,1385.00,Tons,137426600
2009,216299,GRAPESWINE,85,SantaClara,1516,3.70,5609,1244.96,Tons,6983000
2009,216299,GRAPESWINE,87,SantaCruz,629,2.31,1453,2229.18,Tons,3239000
2009,216299,GRAPESWINE,89,Shasta,190,3.50,665,1120.00,Tons,744800
2009,216299,GRAPESWINE,95,Solano,3731,4.72,17607,691.86,Tons,12181600
2009,216299,GRAPESWINE,97,Sonoma,56306,3.78,212675,2186.61,Tons,465036400
2009,216299,GRAPESWINE,105,Trinity,114,,,,,237300
2009,216299,GRAPESWINE,107,Tulare,17829,12.29,219160,252.50,Tons,55338000
2009,216299,GRAPESWINE,113,Yolo,13187,7.63,100643,560.63,Tons,56423600
2009,216299,GRAPESWINE,115,Yuba,91,3.87,352,1383.52,Tons,487000
2008,216299,GRAPESWINE,1,Alameda,2526,3.73,9417,911.76,TONS,8586000
2008,216299,GRAPESWINE,5,Amador,3754,3.20,12013,1238.98,TONS,14883900
2008,216299,GRAPESWINE,9,Calaveras,600,1.95,1170,1100.00,TONS,1287000
2008,216299,GRAPESWINE,17,ElDorado,1901,2.20,4182,1250.38,TONS,5229100
2008,216299,GRAPESWINE,19,Fresno,69631,14.94,1040100,250.93,TONS,260990000
2008,216299,GRAPESWINE,29,Kern,36830,11.18,411800,265.52,TON,109340000
2008,216299,GRAPESWINE,31,Kings,3831,9.74,37306,245.72,TONS,9167000
2008,216299,GRAPESWINE,33,Lake,8004,3.50,27974,1223.53,TONS,34227000
2008,216299,GRAPESWINE,39,Madera,55200,10.06,555466,250.29,TON,139027000
2008,216299,GRAPESWINE,41,Marin,195,1.02,199,3537.19,TONS,703900
2008,216299,GRAPESWINE,43,Mariposa,100,1.48,148,1175.68,TONS,174000
2008,216299,GRAPESWINE,45,Mendocino,16400,2.79,45779,1355.36,TONS,62047200
2008,216299,GRAPESWINE,47,Merced,11075,9.73,107757,315.40,TONS,33987000
2008,216299,GRAPESWINE,53,Monterey,40144,5.01,201000,1185.90,TON,238366000
2008,216299,GRAPESWINE,55,Napa,42870,2.70,115864,3451.57,TONS,399913100
2008,216299,GRAPESWINE,57,Nevada,402,2.96,1189,1280.82,TONS,1522900
2008,216299,GRAPESWINE,61,Placer,212,2.31,490,1015.71,TONS,497700
2008,216299,GRAPESWINE,65,Riverside,2165,1.85,4005,1121.07,TONS,4489900
2008,216299,GRAPESWINE,67,Sacramento,24464,5.36,131125,513.80,TON,67372000
2008,216299,GRAPESWINE,69,SanBenito,3806,3.30,12560,1107.01,TON,13904000
2008,216299,GRAPESWINE,71,SanBernardino,171,3.89,665,1008.27,TON,670500
2008,216299,GRAPESWINE,73,SanDiego,365,1.70,621,1020.13,TON,633500
2008,216299,GRAPESWINE,77,SanJoaquin,89025,5.28,470060,469.39,TON,220643000
2008,216299,GRAPESWINE,79,SanLuisObispo,34622,2.99,103507,1199.20,TONS,124126000
2008,216299,GRAPESWINE,81,SanMateo,96,,,,,481000
2008,216299,GRAPESWINE,83,SantaBarbara,21643,2.86,61797,1394.05,TONS,86148100
2008,216299,GRAPESWINE,85,SantaClara,1510,3.00,4530,1426.05,TONS,6460000
2008,216299,GRAPESWINE,87,SantaCruz,612,1.93,1181,2488.57,TON,2939000
2008,216299,GRAPESWINE,95,Solano,4002,3.53,14137,782.68,TONS,11064700
2008,216299,GRAPESWINE,97,Sonoma,55431,3.05,168992,2255.09,TONS,381092000
2008,216299,GRAPESWINE,105,Trinity,114,,,,,237300
2008,216299,GRAPESWINE,107,Tulare,21728,11.94,259420,250.51,TON,64987000
2008,216299,GRAPESWINE,113,Yolo,12002,6.45,77402,542.70,TONS,42006000
2008,216299,GRAPESWINE,115,Yuba,91,1.27,116,4948.28,TONS,574000
2007,216299,GRAPESWINE,1,Alameda,1916,3.93,7526,857.69,TONS,6455000
2007,216299,GRAPESWINE,5,Amador,3697,3.40,12570,1056.98,TONS,13286300
2007,216299,GRAPESWINE,9,Calaveras,650,2.50,1625,1100.31,TONS,1788000
2007,216299,GRAPESWINE,17,ElDorado,1747,2.88,5029,1197.36,TONS,6021500
2007,216299,GRAPESWINE,19,Fresno,61224,11.81,722800,214.36,TON,154942000
2007,216299,GRAPESWINE,29,Kern,33100,10.27,340000,218.25,TONS,74206000
2007,216299,GRAPESWINE,31,Kings,3817,7.52,28719,230.27,TONS,6613000
2007,216299,GRAPESWINE,33,Lake,7949,4.57,36321,1196.26,TON,43449300
2007,216299,GRAPESWINE,39,Madera,53500,10.59,566559,206.58,TONS,117042000
2007,216299,GRAPESWINE,41,Marin,192,0.90,173,4368.21,TONS,755700
2007,216299,GRAPESWINE,43,Mariposa,97,1.20,116,1206.90,TONS,140000
2007,216299,GRAPESWINE,45,Mendocino,16342,3.77,61589,1223.41,TON,75348300
2007,216299,GRAPESWINE,47,Merced,9819,6.69,65702,274.09,TON,18008000
2007,216299,GRAPESWINE,53,Monterey,39636,5.65,224000,1123.23,TONS,251604000
2007,216299,GRAPESWINE,55,Napa,42338,3.43,145115,3256.77,TONS,472606600
2007,216299,GRAPESWINE,57,Nevada,385,4.23,1629,1280.91,TONS,2086600
2007,216299,GRAPESWINE,61,Placer,190,2.71,515,873.59,TONS,449900
2007,216299,GRAPESWINE,65,Riverside,2000,1.70,3400,1184.00,TONS,4025600
2007,216299,GRAPESWINE,67,Sacramento,24637,7.00,172459,432.40,TON,74571000
2007,216299,GRAPESWINE,69,SanBenito,3806,5.41,20590,1179.99,TON,24296000
2007,216299,GRAPESWINE,71,SanBernardino,132,3.13,413,1519.13,TON,627400
2007,216299,GRAPESWINE,73,SanDiego,328,1.90,623,995.35,TON,620100
2007,216299,GRAPESWINE,77,SanJoaquin,88913,6.28,557950,386.08,TON,215416000
2007,216299,GRAPESWINE,79,SanLuisObispo,34408,3.96,136276,1039.61,TON,141674000
2007,216299,GRAPESWINE,81,SanMateo,98,,,,,550000
2007,216299,GRAPESWINE,83,SantaBarbara,21263,3.35,71231,1402.74,TON,99918600
2007,216299,GRAPESWINE,85,SantaClara,1550,3.00,4650,1313.98,TON,6110000
2007,216299,GRAPESWINE,87,SantaCruz,598,2.13,1274,2383.83,TON,3037000
2007,216299,GRAPESWINE,95,Solano,4021,3.00,12083,669.95,TON,8095000
2007,216299,GRAPESWINE,97,Sonoma,54899,3.62,198533,2098.14,TON,416549600
2007,216299,GRAPESWINE,105,Trinity,114,,,,,237300
2007,216299,GRAPESWINE,107,Tulare,19561,10.25,200430,217.09,TON,43512000
2007,216299,GRAPESWINE,113,Yolo,11898,7.13,84853,548.16,TON,46513300
2007,216299,GRAPESWINE,115,Yuba,85,1.36,116,1750.00,TON,2030002006
2006,216299,GRAPESWINE,1,Alameda,2281,3.74,8534,937.97,TONS,8004600
2006,216299,GRAPESWINE,5,Amador,3701,3.68,13620,1079.98,TONS,14709300
2006,216299,GRAPESWINE,9,Calaveras,600,2.60,1560,1062.18,TONS,1657000
2006,216299,GRAPESWINE,17,ElDorado,1864,3.07,5720,1081.56,TONS,6186500
2006,216299,GRAPESWINE,19,Fresno,64116,8.83,566400,209.56,TONS,118692000
2006,216299,GRAPESWINE,29,Kern,35441,8.91,315620,207.95,TONS,65633000
2006,216299,GRAPESWINE,31,Kings,3624,10.98,39800,259.35,TONS,10322000
2006,216299,GRAPESWINE,33,Lake,7842,4.48,35153,1229.04,TONS,43204600
2006,216299,GRAPESWINE,39,Madera,54200,8.97,486375,193.81,TONS,94266000
2006,216299,GRAPESWINE,41,Marin,118,1.86,219,2273.52,TONS,497900
2006,216299,GRAPESWINE,43,Mariposa,100,1.02,102,1212.75,TONS,123700
2006,216299,GRAPESWINE,45,Mendocino,16142,4.40,70948,1237.00,TONS,87762600
2006,216299,GRAPESWINE,47,Merced,11397,9.93,113138,237.65,TONS,26887000
2006,216299,GRAPESWINE,53,Monterey,38165,5.50,210000,1038.01,TONS,217983000
2006,216299,GRAPESWINE,55,Napa,42188,3.62,152776,3070.33,TONS,469072900
2006,216299,GRAPESWINE,57,Nevada,358,3.71,1329,1170.28,TONS,1555300
2006,216299,GRAPESWINE,61,Placer,189,2.57,485,974.43,TONS,472600
2006,216299,GRAPESWINE,65,Riverside,1500,2.40,3600,1111.00,TONS,3999600
2006,216299,GRAPESWINE,67,Sacramento,25496,7.00,178472,408.70,TONS,72942000
2006,216299,GRAPESWINE,69,SanBenito,3788,4.20,15910,1229.98,TONS,19569000
2006,216299,GRAPESWINE,71,SanBernardino,136,4.91,668,842.37,TONS,562700
2006,216299,GRAPESWINE,73,SanDiego,309,2.10,649,797.84,TONS,517800
2006,216299,GRAPESWINE,77,SanJoaquin,92501,0.06,5610,36342.07,TONS,203879000
2006,216299,GRAPESWINE,79,SanLuisObispo,34662,4.27,148005,1026.92,TONS,151990000
2006,216299,GRAPESWINE,81,SanMateo,89,,,,,531000
2006,216299,GRAPESWINE,83,SantaBarbara,20829,4.43,92272,1163.71,TONS,107377800
2006,216299,GRAPESWINE,85,SantaClara,1750,3.80,6650,1120.00,TONS,7448000
2006,216299,GRAPESWINE,87,SantaCruz,600,3.00,1800,2390.00,TONS,4302000
2006,216299,GRAPESWINE,95,Solano,4293,2.89,12400,750.11,TONS,9301400
2006,216299,GRAPESWINE,97,Sonoma,55507,3.90,216248,1990.76,TONS,430496900
2006,216299,GRAPESWINE,105,Trinity,114,,,,,237300
2006,216299,GRAPESWINE,107,Tulare,19360,8.98,173930,208.41,TONS,36248000
2006,216299,GRAPESWINE,113,Yolo,10156,6.69,67944,559.98,TONS,38047300
2006,216299,GRAPESWINE,115,Yuba,84,1.79,150,1326.67,TONS,199000
2005,216299,GRAPESWINE,1,Alameda,2169,4.24,9189,930.68,TONS,8552000
2005,216299,GRAPESWINE,5,Amador,3874,3.42,13249,995.08,TONS,13183800
2005,216299,GRAPESWINE,9,Calaveras,500,2.60,1300,1200.00,TONS,1560000
2005,216299,GRAPESWINE,17,ElDorado,1906,2.44,4642,1064.20,TONS,4940000
2005,216299,GRAPESWINE,19,Fresno,77598,11.32,878500,223.29,TONS,196162000
2005,216299,GRAPESWINE,29,Kern,36167,10.66,385430,220.18,TONS,84864000
2005,216299,GRAPESWINE,31,Kings,3717,12.65,47009,239.08,TONS,11239000
2005,216299,GRAPESWINE,33,Lake,7518,4.26,31995,1192.35,TONS,38149100
2005,216299,GRAPESWINE,39,Madera,57600,10.73,618250,226.09,TONS,139782000
2005,216299,GRAPESWINE,41,Marin,108,1.04,112,2371.43,TONS,265600
2005,216299,GRAPESWINE,43,Mariposa,88,1.36,120,1183.33,TONS,142000
2005,216299,GRAPESWINE,45,Mendocino,16084,3.85,61962,1171.01,TONS,72557900
2005,216299,GRAPESWINE,47,Merced,11542,10.71,123574,278.11,TONS,34367000
2005,216299,GRAPESWINE,53,Monterey,38179,7.05,269000,946.52,TONS,254615000
2005,216299,GRAPESWINE,55,Napa,41910,4.32,181025,2987.43,TONS,540800000
2005,216299,GRAPESWINE,57,Nevada,350,3.72,1302,1294.55,TONS,1685500
2005,216299,GRAPESWINE,61,Placer,230,2.24,515,781.94,TONS,402700
2005,216299,GRAPESWINE,65,Riverside,1650,2.50,4125,963.01,TONS,3972400
2005,216299,GRAPESWINE,67,Sacramento,28045,8.70,243992,443.20,TONS,108137000
2005,216299,GRAPESWINE,69,SanBenito,3672,4.58,16818,1188.01,TONS,19980000
2005,216299,GRAPESWINE,71,SanBernardino,142,8.06,1145,1018.08,TONS,1165700
2005,216299,GRAPESWINE,73,SanDiego,268,2.30,616,634.42,TONS,390800
2005,216299,GRAPESWINE,77,SanJoaquin,95669,7.36,703870,410.10,TONS,288660000
2005,216299,GRAPESWINE,79,SanLuisObispo,33690,5.90,198819,977.64,TONS,194373000
2005,216299,GRAPESWINE,81,SanMateo,88,,,,,451000
2005,216299,GRAPESWINE,83,SantaBarbara,20308,6.18,125503,1277.78,TONS,160365200
2005,216299,GRAPESWINE,85,SantaClara,1720,4.00,6880,1061.05,TONS,7300000
2005,216299,GRAPESWINE,87,SantaCruz,575,1.39,799,2200.25,TONS,1758000
2005,216299,GRAPESWINE,95,Solano,4291,3.75,16081,728.07,TONS,11708100
2005,216299,GRAPESWINE,97,Sonoma,57050,4.05,230910,1864.64,TONS,430563500
2005,216299,GRAPESWINE,105,Trinity,114,,,,,237300
2005,216299,GRAPESWINE,107,Tulare,22831,9.60,219270,217.17,TONS,47618000
2005,216299,GRAPESWINE,113,Yolo,8464,8.38,70930,591.67,TONS,41967000
2005,216299,GRAPESWINE,115,Yuba,105,0.84,88,1011.36,TONS,89000
2004,216299,GRAPESWINE,1,Alameda,2526,3.60,9094,995.38,TONS,9052000
2004,216299,GRAPESWINE,5,Amador,3741,3.54,13243,1009.97,TONS,13375000
2004,216299,GRAPESWINE,9,Calaveras,500,2.40,1200,1050.00,TON,1260000
2004,216299,GRAPESWINE,17,ElDorado,1710,2.46,4209,1094.84,TONS,4608200
2004,216299,GRAPESWINE,19,Fresno,96692,9.01,871000,226.31,TON,197117000
2004,216299,GRAPESWINE,29,Kern,36542,8.69,317370,232.10,TON,73660000
2004,216299,GRAPESWINE,31,Kings,3023,10.49,31720,237.30,TON,7527000
2004,216299,GRAPESWINE,33,Lake,7076,3.94,27872,1139.17,TONS,31751000
2004,216299,GRAPESWINE,39,Madera,66200,9.25,612467,218.73,TONS,133966000
2004,216299,GRAPESWINE,41,Marin,110,1.26,139,1914.39,TONS,266100
2004,216299,GRAPESWINE,43,Mariposa,99,0.92,91,1098.90,TON,100000
2004,216299,GRAPESWINE,45,Mendocino,15608,3.35,52252,1150.99,TONS,60141500
2004,216299,GRAPESWINE,47,Merced,10729,7.78,83485,251.46,TONS,20993000
2004,216299,GRAPESWINE,53,Monterey,38614,4.45,172000,1013.84,TON,174380000
2004,216299,GRAPESWINE,55,Napa,40439,2.96,119874,2915.56,TON,349500000
2004,216299,GRAPESWINE,57,Nevada,349,4.11,1434,1527.68,TONS,2190700
2004,216299,GRAPESWINE,61,Placer,230,3.20,736,878.94,TONS,646900
2004,216299,GRAPESWINE,65,Riverside,1640,2.18,3575,668.03,TON,2388200
2004,216299,GRAPESWINE,67,Sacramento,25756,6.50,167414,444.60,TONS,74432000
2004,216299,GRAPESWINE,69,SanBenito,3636,3.32,12072,1567.01,TONS,18917000
2004,216299,GRAPESWINE,71,SanBernardino,147,4.27,627,708.77,TON,444400
2004,216299,GRAPESWINE,73,SanDiego,300,1.80,540,700.00,TON,378000
2004,216299,GRAPESWINE,77,SanJoaquin,83657,5.57,466331,403.09,TON,187974100
2004,216299,GRAPESWINE,79,SanLuisObispo,31913,4.00,127788,997.24,TON,127435000
2004,216299,GRAPESWINE,81,SanMateo,,,,,,417000
2004,216299,GRAPESWINE,83,SantaBarbara,17408,3.67,63887,1305.86,TON,83427500
2004,216299,GRAPESWINE,85,SantaClara,1870,3.30,6171,994.98,TON,6140000
2004,216299,GRAPESWINE,87,SantaCruz,572,1.20,686,2131.20,TONS,1462000
2004,216299,GRAPESWINE,95,Solano,4153,3.64,15118,676.75,TONS,10231100
2004,216299,GRAPESWINE,97,Sonoma,50010,3.31,165783,1882.64,TONS,312110200
2004,216299,GRAPESWINE,105,Trinity,114,,,,,237300
2004,216299,GRAPESWINE,107,Tulare,23764,9.65,229430,224.80,TON,51576000
2004,216299,GRAPESWINE,113,Yolo,9909,6.13,60739,548.92,TONS,33341000
2004,216299,GRAPESWINE,115,Yuba,92,2.27,209,1315.79,TON,275000
2003,216299,GRAPESWINE,1,Alameda,2284,3.21,7325,1077.41,TON,7892000
2003,216299,GRAPESWINE,5,Amador,3623,2.96,10724,982.00,TON,10531000
2003,216299,GRAPESWINE,9,Calaveras,480,1.88,900,1000.00,TON,900000
2003,216299,GRAPESWINE,17,ElDorado,1678,2.36,3953,1120.67,TON,4430000
2003,216299,GRAPESWINE,19,Fresno,72186,10.09,728500,166.12,TON,121015000
2003,216299,GRAPESWINE,29,Kern,41476,7.72,320040,156.15,TON,49975000
2003,216299,GRAPESWINE,31,Kings,3295,8.97,29555,173.10,TON,5116000
2003,216299,GRAPESWINE,33,Lake,6219,4.26,26483,1183.10,TON,31332000
2003,216299,GRAPESWINE,39,Madera,62600,9.47,593056,148.37,TON,87991000
2003,216299,GRAPESWINE,41,Marin,74,1.57,116,1991.38,TON,231000
2003,216299,GRAPESWINE,43,Mariposa,93,0.88,82,1439.02,TON,118000
2003,216299,GRAPESWINE,45,Mendocino,15576,3.72,57960,1213.95,TON,70360700
2003,216299,GRAPESWINE,47,Merced,11499,9.76,112253,259.89,TON,29173000
2003,216299,GRAPESWINE,53,Monterey,34287,4.41,151344,1058.64,TON,160219000
2003,216299,GRAPESWINE,55,Napa,39106,3.29,128814,2985.70,TON,384600000
2003,216299,GRAPESWINE,57,Nevada,356,3.67,1307,1350.80,TON,1765500
2003,216299,GRAPESWINE,61,Placer,200,1.76,352,1036.08,TON,364700
2003,216299,GRAPESWINE,65,Riverside,1266,3.29,4163,784.00,TON,3263800
2003,216299,GRAPESWINE,67,Sacramento,23698,6.30,149297,422.00,TON,63003000
2003,216299,GRAPESWINE,69,SanBenito,3163,4.57,14455,1510.00,TON,21827000
2003,216299,GRAPESWINE,71,SanBernardino,180,3.77,679,657.44,TON,446400
2003,216299,GRAPESWINE,73,SanDiego,304,2.08,632,380.22,TON,240300
2003,216299,GRAPESWINE,77,SanJoaquin,82350,5.74,472800,368.52,TON,174235900
2003,216299,GRAPESWINE,79,SanLuisObispo,29626,3.89,115188,1071.76,TON,123454000
2003,216299,GRAPESWINE,81,SanMateo,60,,,,,363000
2003,216299,GRAPESWINE,83,SantaBarbara,16667,2.88,48001,1371.81,TON,65848300
2003,216299,GRAPESWINE,85,SantaClara,1854,2.90,5377,1205.88,TON,6484000
2003,216299,GRAPESWINE,87,SantaCruz,574,3.33,1911,1350.08,TON,2580000
2003,216299,GRAPESWINE,95,Solano,4075,3.70,15060,664.46,TON,10006700
2003,216299,GRAPESWINE,97,Sonoma,52176,3.08,160768,1967.20,TON,316262300
2003,216299,GRAPESWINE,105,Trinity,114,,,,,237300
2003,216299,GRAPESWINE,107,Tulare,23886,9.21,220030,164.64,TON,36225000
2003,216299,GRAPESWINE,113,Yolo,10334,6.76,69858,534.89,TON,37366000
2003,216299,GRAPESWINE,115,Yuba,66,2.53,167,1323.35,TON,221000
2002,216299,GRAPESWINE,1,Alameda,2255,2.13,4793,1126,TON,5398000
2002,216299,GRAPESWINE,5,Amador,3241,3.50,11343,980,TON,11116100
2002,216299,GRAPESWINE,9,Calaveras,470,2.89,1360,971,TON,1320000
2002,216299,GRAPESWINE,17,ElDorado,1464,2.77,4060,1153,TON,4680000
2002,216299,GRAPESWINE,19,Fresno,85701,10.83,928100,141,TON,131189000
2002,216299,GRAPESWINE,29,Kern,43436,8.87,385420,143,TON,55146000
2002,216299,GRAPESWINE,31,Kings,3319,8.52,28294,162,TON,4584000
2002,216299,GRAPESWINE,33,Lake,5465,4.57,24966,1292,TONS,32261700
2002,216299,GRAPESWINE,39,Madera,67600,10.23,691528,130,TON,89589000
2002,216299,GRAPESWINE,41,Marin,82,1.77,145,1759,TON,255000
2002,216299,GRAPESWINE,43,Mariposa,84,1.17,98,1388,TON,136000
2002,216299,GRAPESWINE,45,Mendocino,15202,3.89,59128,1375,TON,81301400
2002,216299,GRAPESWINE,47,Merced,11523,8.88,102284,275,TON,28125000
2002,216299,GRAPESWINE,53,Monterey,37325,3.86,143947,1022,TON,147065000
2002,216299,GRAPESWINE,55,Napa,37072,3.51,130099,2920,TON,379930000
2002,216299,GRAPESWINE,57,Nevada,404,4.32,1746,1053,TON,1839100
2002,216299,GRAPESWINE,61,Placer,130,3.00,390,1070,TON,417300
2002,216299,GRAPESWINE,65,Riverside,1250,4.16,5200,677,TON,3518000
2002,216299,GRAPESWINE,67,Sacramento,26597,6.20,164901,448,TON,73876000
2002,216299,GRAPESWINE,69,SanBenito,3079,3.20,9853,1585,TON,15617000
2002,216299,GRAPESWINE,71,SanBernardino,205,3.12,639,672,TON,429100
2002,216299,GRAPESWINE,73,SanDiego,173,1.38,239,259,TON,61800
2002,216299,GRAPESWINE,77,SanJoaquin,83263,6.12,509355,416,TON,211940000
2002,216299,GRAPESWINE,79,SanLuisObispo,25206,3.77,95101,1240,TON,117896000
2002,216299,GRAPESWINE,81,SanMateo,64,,,,,389000
2002,216299,GRAPESWINE,83,SantaBarbara,16667,2.93,48834,1482,TON,72373900
2002,216299,GRAPESWINE,85,SantaClara,1839,3.30,6069,1313,TON,7968000
2002,216299,GRAPESWINE,87,SantaCruz,549,4.00,2196,1500,TON,3294000
2002,216299,GRAPESWINE,95,Solano,4300,3.77,16191,817,TON,13221100
2002,216299,GRAPESWINE,97,Sonoma,46587,3.93,183139,2055,TON,376422300
2002,216299,GRAPESWINE,105,Trinity,,,140,1204,TON,168600
2002,216299,GRAPESWINE,107,Tulare,26597,9.71,258300,160,TON,41358000
2002,216299,GRAPESWINE,113,Yolo,9699,7.63,74003,604,TON,44675000
2002,216299,GRAPESWINE,115,Yuba,297,1.57,467,1096,TON,512000
2001,216299,GRAPESWINE,1,Alameda,3023,2.91,8797,1147,TONS,10092000
2001,216299,GRAPESWINE,9,Calaveras,470,2.72,1280,1200,TONS,1536000
2001,216299,GRAPESWINE,17,ElDorado,1244,2.87,3570,1209,TONS,4317300
2001,216299,GRAPESWINE,19,Fresno,76393,8.37,639180,167,TONS,106924000
2001,216299,GRAPESWINE,29,Kern,42511,7.12,302500,159,TONS,47986000
2001,216299,GRAPESWINE,31,Kings,3085,9.75,30088,169,TONS,5088000
2001,216299,GRAPESWINE,33,Lake,4889,4.55,22239,1292,TONS,28732800
2001,216299,GRAPESWINE,39,Madera,55970,8.45,473146,162,TONS,76642000
2001,216299,GRAPESWINE,41,Marin,95,2.4,228,2043,TONS,465900
2001,216299,GRAPESWINE,43,Mariposa,73,1.56,114,1406,TONS,160300
2001,216299,GRAPESWINE,45,Mendocino,14800,4.04,59808,1466,TONS,87678400
2001,216299,GRAPESWINE,47,Merced,14517,8.11,117727,209,TONS,24567000
2001,216299,GRAPESWINE,55,Napa,35095,3.6,126438,2802,TONS,354338000
2001,216299,GRAPESWINE,57,Nevada,348,3,1043,1192,TONS,1242900
2001,216299,GRAPESWINE,61,Placer,40,1.5,60,1350,TONS,81000
2001,216299,GRAPESWINE,65,Riverside,2302,4.5,10359,900,TONS,9323100
2001,216299,GRAPESWINE,67,Sacramento,25802,6,154812,616,TONS,95364000
2001,216299,GRAPESWINE,69,SanBenito,2975,4.25,12644,1254,TONS,15856000
2001,216299,GRAPESWINE,71,SanBernardino,147,2.31,340,196,TONS,66700
2001,216299,GRAPESWINE,73,SanDiego,180,1.87,337,250,TONS,84200
2001,216299,GRAPESWINE,77,SanJoaquin,83908,6.91,579400,418,TONS,242188000
2001,216299,GRAPESWINE,79,SanLuisObispo,21614,4.82,104107,1326,TONS,138054000
2001,216299,GRAPESWINE,81,SanMateo,44,,,,,159000
2001,216299,GRAPESWINE,83,SantaBarbara,16634,5.52,91820,1289,TONS,118328400
2001,216299,GRAPESWINE,85,SantaClara,1750,3.78,6615,1408,TONS,9314000
2001,216299,GRAPESWINE,87,SantaCruz,466,3.5,1631,2270,TONS,3702000
2001,216299,GRAPESWINE,95,Solano,4072,4,16280,857,TONS,13957700
2001,216299,GRAPESWINE,97,Sonoma,43589,3.98,173583,2157,TONS,374389700
2001,216299,GRAPESWINE,105,Trinity,,,140,1204,TON,168600
2001,216299,GRAPESWINE,107,Tulare,23431,10.07,235900,222,TONS,52446000
2001,216299,GRAPESWINE,113,Yolo,10242,5.43,55614,598,TONS,33241000
2001,216299,GRAPESWINE,115,Yuba,236,1.38,326,979,TONS,319000
2000,216299,GRAPESWINE,1,Alameda,2602,2.11,5483,1185,TON,6498000
2000,216299,GRAPESWINE,9,Calaveras,470,3.60,1690,1000,TON,1690000
2000,216299,GRAPESWINE,17,ElDorado,1165,2.92,3400,1194,TON,4059600
2000,216299,GRAPESWINE,19,Fresno,75139,11.12,835310,177,TON,147550000
2000,216299,GRAPESWINE,29,Kern,46809,8.86,414680,187,TON,77714000
2000,216299,GRAPESWINE,31,Kings,3020,9.04,27311,162,TON,4436000
2000,216299,GRAPESWINE,33,Lake,3858,5.06,19520,1281,TON,25005100
2000,216299,GRAPESWINE,39,Madera,56410,9.92,559563,186,TON,103830000
2000,216299,GRAPESWINE,41,Marin,94,1.24,117,2009,TON,235100
2000,216299,GRAPESWINE,43,Mariposa,71,1.70,121,1314,TON,159000
2000,216299,GRAPESWINE,45,Mendocino,12838,4.53,58106,1514,TON,87960000
2000,216299,GRAPESWINE,47,Merced,14437,9.32,134583,288,TON,38729000
2000,216299,GRAPESWINE,55,Napa,32365,4.23,136962,2464,TON,337469000
2000,216299,GRAPESWINE,57,Nevada,303,3.57,1082,1096,TON,1185800
2000,216299,GRAPESWINE,65,Riverside,2767,4.53,12532,974,TON,12202100
2000,216299,GRAPESWINE,67,Sacramento,25024,7.10,177670,536,TON,95231000
2000,216299,GRAPESWINE,69,SanBenito,2563,4.33,11100,1628,TON,18071000
2000,216299,GRAPESWINE,71,SanBernardino,235,0.83,194,901,TON,174700
2000,216299,GRAPESWINE,73,SanDiego,175,1.84,322,300,TON,96600
2000,216299,GRAPESWINE,77,SanJoaquin,80711,7.74,624800,473,TON,295793000
2000,216299,GRAPESWINE,79,SanLuisObispo,18801,5.39,101430,1328,TON,134733000
2000,216299,GRAPESWINE,81,SanMateo,45,,,,,139000
2000,216299,GRAPESWINE,85,SantaClara,1749,3.90,6821,1521,TON,10375000
2000,216299,GRAPESWINE,87,SantaCruz,477,1.61,768,2271,TON,1744000
2000,216299,GRAPESWINE,95,Solano,3853,4.67,17999,1007,TON,18116800
2000,216299,GRAPESWINE,97,Sonoma,42220,4.52,190789,2043,TON,389781900
2000,216299,GRAPESWINE,105,Trinity,,,140,1204,TON,168600
2000,216299,GRAPESWINE,107,Tulare,27688,10.42,288490,207,TON,59835000
2000,216299,GRAPESWINE,113,Yolo,9496,6.86,65143,627,TON,40873000
2000,216299,GRAPESWINE,115,Yuba,390,1.62,632,1242,TON,785000
1999,216299,GRAPESWINE,1,Alameda,2018,3.57,7210,1182,ACRE,8523000
1999,216299,GRAPESWINE,5,Amador,2831,4.10,11607,953,TON,11061500
1999,216299,GRAPESWINE,9,Calaveras,320,3.88,1240,1140,TON,1413600
1999,216299,GRAPESWINE,17,ElDorado,981,3.41,3345,1160,TON,3880200
1999,216299,GRAPESWINE,19,Fresno,128613,5.40,693910,237,TON,164784000
1999,216299,GRAPESWINE,29,Kern,49716,7.99,397400,259,TON,102764000
1999,216299,GRAPESWINE,31,Kings,2263,15.44,34941,204,TON,7135000
1999,216299,GRAPESWINE,33,Lake,4107,3.69,15168,1206,TON,18292600
1999,216299,GRAPESWINE,39,Madera,54200,8.33,451416,252,TON,113945000
1999,216299,GRAPESWINE,41,Marin,91,1.70,155,1935,TON,300000
1999,216299,GRAPESWINE,43,Mariposa,68,1.44,98,1082,TON,106000
1999,216299,GRAPESWINE,45,Mendocino,13994,4.19,58648,1455,TON,85311000
1999,216299,GRAPESWINE,47,Merced,15050,6.97,104938,411,TON,43091000
1999,216299,GRAPESWINE,55,Napa,30506,3.39,103526,2143,TON,221852000
1999,216299,GRAPESWINE,57,Nevada,201,4.49,902,1031,TON,930400
1999,216299,GRAPESWINE,65,Riverside,2319,4.83,11212,906,TON,10153700
1999,216299,GRAPESWINE,67,Sacramento,22630,6.90,156147,579,TON,90409000
1999,216299,GRAPESWINE,69,SanBenito,2494,3.66,9128,1474,TON,13455000
1999,216299,GRAPESWINE,71,SanBernardino,401,3.11,1246,634,TON,790200
1999,216299,GRAPESWINE,73,SanDiego,189,2.03,384,420,TON,161200
1999,216299,GRAPESWINE,77,SanJoaquin,82012,6.69,548800,523,TON,287240000
1999,216299,GRAPESWINE,79,SanLuisObispo,16272,3.99,64932,1288,TON,83601000
1999,216299,GRAPESWINE,81,SanMateo,40,,,,,130000
1999,216299,GRAPESWINE,83,SantaBarbara,14064,2.99,42051,1430,TON,60117800
1999,216299,GRAPESWINE,85,SantaClara,1600,4.40,7040,1780,TON,12531000
1999,216299,GRAPESWINE,87,SantaCruz,260,2.64,686,2204,TON,1512000
1999,216299,GRAPESWINE,95,Solano,3390,3.93,13307,1062,TON,14130900
1999,216299,GRAPESWINE,97,Sonoma,42227,3.37,142477,1890,TON,269271000
1999,216299,GRAPESWINE,105,Trinity,,,140,1204,TON,168600
1999,216299,GRAPESWINE,107,Tulare,30969,9.63,298380,230,TON,68748000
1999,216299,GRAPESWINE,113,Yolo,8704,6.17,53704,660,TON,35431000
1999,216299,GRAPESWINE,115,Yuba,395,1.86,735,1346,TON,989000
1998,216299,GRAPESWINE,1,Alameda,2141,2.04,4370,1205,TONS,5267000
1998,216299,GRAPESWINE,5,Amador,2672,2.90,7749,910,TONS,7051600
1998,216299,GRAPESWINE,9,Calaveras,320,4.13,1320,900,TONS,1188000
1998,216299,GRAPESWINE,17,ElDorado,917,3.23,2961,1066,TONS,3155400
1998,216299,GRAPESWINE,19,Fresno,81747,9.30,760130,231,TONS,175508000
1998,216299,GRAPESWINE,29,Kern,44761,8.94,400310,259,TONS,103633000
1998,216299,GRAPESWINE,31,Kings,2168,13.52,29322,212,TONS,6227000
1998,216299,GRAPESWINE,33,Lake,3240,4.18,13535,1125,TONS,15226900
1998,216299,GRAPESWINE,39,Madera,50226,9.33,468541,236,TONS,110394000
1998,216299,GRAPESWINE,43,Mariposa,64,1.69,108,963,TONS,104000
1998,216299,GRAPESWINE,45,Mendocino,12283,4.86,59647,1394,TONS,83155500
1998,216299,GRAPESWINE,47,Merced,14458,6.11,88283,526,TONS,46399000
1998,216299,GRAPESWINE,53,Monterey,32131,4.63,148860,1200,TONS,178610000
1998,216299,GRAPESWINE,55,Napa,30875,3.32,102355,1910,TONS,195481000
1998,216299,GRAPESWINE,57,Nevada,201,2.72,546,1105,TONS,603200
1998,216299,GRAPESWINE,65,Riverside,1974,6.93,13680,987,TONS,13502800
1998,216299,GRAPESWINE,67,Sacramento,13387,6.80,91032,850,TONS,77377000
1998,216299,GRAPESWINE,69,SanBenito,2255,3.19,7194,1440,TONS,10359000
1998,216299,GRAPESWINE,71,SanBernardino,682,1.89,1290,533,TONS,688200
1998,216299,GRAPESWINE,73,SanDiego,187,2.58,483,489,TONS,236400
1998,216299,GRAPESWINE,77,SanJoaquin,76205,6.70,510400,531,TONS,271099000
1998,216299,GRAPESWINE,79,SanLuisObispo,11897,5.08,60388,1231,TON,74358000
1998,216299,GRAPESWINE,81,SanMateo,54,,,,,122000
1998,216299,GRAPESWINE,83,SantaBarbara,10799,3.63,39200,1510,TONS,59189300
1998,216299,GRAPESWINE,85,SantaClara,1700,3.80,6460,1300,TONS,8398000
1998,216299,GRAPESWINE,87,SantaCruz,254,1.30,330,1533,TONS,506000
1998,216299,GRAPESWINE,95,Solano,2711,4.07,11026,1037,TONS,11437600
1998,216299,GRAPESWINE,97,Sonoma,35334,3.77,133258,1740,TONS,231828000
1998,216299,GRAPESWINE,99,Stanislaus,13000,8.65,112500,342,TONS,38525000
1998,216299,GRAPESWINE,105,Trinity,85,,,,,49500
1998,216299,GRAPESWINE,107,Tulare,29477,9.16,269930,234,TONS,63291000
1998,216299,GRAPESWINE,113,Yolo,8410,7.37,61982,756,TONS,46837000
1998,216299,GRAPESWINE,115,Yuba,350,1.27,443,1388,TONS,615000
1997,216299,GRAPESWINE,1,Alameda,1977,4.71,9308,1116,TONS,10386000
1997,216299,GRAPESWINE,5,Amador,2487,4.20,10445,895,TONS,9348300
1997,216299,GRAPESWINE,9,Calaveras,260,4.35,1130,1010,TONS,1141300
1997,216299,GRAPESWINE,17,ElDorado,876,4.15,3638,1044,TONS,3798100
1997,216299,GRAPESWINE,19,Fresno,87220,11.22,978930,225,TONS,220570000
1997,216299,GRAPESWINE,29,Kern,43137,10.31,444890,257,TONS,114553000
1997,216299,GRAPESWINE,31,Kings,2115,13.57,28707,269,TONS,7731000
1997,216299,GRAPESWINE,33,Lake,4744,2.96,14053,1155,TONS,16238100
1997,216299,GRAPESWINE,39,Madera,51428,11.79,606129,251,TONS,152245000
1997,216299,GRAPESWINE,43,Mariposa,76,2.12,161,1031,TONS,166000
1997,216299,GRAPESWINE,45,Mendocino,12179,5.34,64984,1381,TONS,89765000
1997,216299,GRAPESWINE,47,Merced,13614,9.69,131857,435,TONS,57359000
1997,216299,GRAPESWINE,53,Monterey,28294,5.92,167488,1214,TONS,203412000
1997,216299,GRAPESWINE,55,Napa,31184,4.62,144217,1724,TONS,248701000
1997,216299,GRAPESWINE,57,Nevada,201,5.29,1063,1099,TONS,1167800
1997,216299,GRAPESWINE,65,Riverside,2085,6.35,13240,873,TONS,11552200
1997,216299,GRAPESWINE,67,Sacramento,9343,7.00,65401,640,TONS,41857000
1997,216299,GRAPESWINE,69,SanBenito,2125,5.55,11794,1381,TONS,16288000
1997,216299,GRAPESWINE,71,SanBernardino,736,4.87,3582,573,TONS,2052000
1997,216299,GRAPESWINE,73,SanDiego,187,2.99,559,508,TONS,284000
1997,216299,GRAPESWINE,77,SanJoaquin,73225,7.90,578700,502,TONS,290279000
1997,216299,GRAPESWINE,79,SanLuisObispo,11128,6.24,69384,1206,TONS,83680000
1997,216299,GRAPESWINE,81,SanMateo,52,,,,,200000
1997,216299,GRAPESWINE,83,SantaBarbara,9369,4.63,43379,1184,TONS,51352500
1997,216299,GRAPESWINE,87,SantaCruz,245,4.40,1078,1955,TONS,2107000
1997,216299,GRAPESWINE,95,Solano,2199,6.55,14396,1115,TONS,16052100
1997,216299,GRAPESWINE,97,Sonoma,34121,5.50,187674,1589,TONS,298147300
1997,216299,GRAPESWINE,99,Stanislaus,13520,10.89,147200,310,TONS,45618000
1997,216299,GRAPESWINE,107,Tulare,31829,11.25,357950,226,TONS,80852000
1997,216299,GRAPESWINE,113,Yolo,6833,7.48,51112,731,TONS,37385000
1996,216299,GRAPESWINE,1,Alameda,1662,2.85,4730,1029,TONS,4866000
1996,216299,GRAPESWINE,5,Amador,2358,4.60,10847,871,TONS,9447700
1996,216299,GRAPESWINE,9,Calaveras,260,4.50,1170,945,TONS,1105700
1996,216299,GRAPESWINE,17,ElDorado,937,3.77,3532,889,TONS,3139900
1996,216299,GRAPESWINE,19,Fresno,86319,8.54,737490,230,TONS,169256000
1996,216299,GRAPESWINE,29,Kern,38934,8.71,339020,260,TONS,88236000
1996,216299,GRAPESWINE,31,Kings,2087,11.15,23268,253,TONS,5896000
1996,216299,GRAPESWINE,33,Lake,3842,2.42,9297,1013,TONS,9414600
1996,216299,GRAPESWINE,39,Madera,49857,9.61,479252,251,TONS,120408000
1996,216299,GRAPESWINE,43,Mariposa,82,1.85,152,998,TONS,151700
1996,216299,GRAPESWINE,45,Mendocino,11739,4.31,50650,1175,TONS,59514000
1996,216299,GRAPESWINE,47,Merced,11990,6.57,78725,458,TONS,36087000
1996,216299,GRAPESWINE,53,Monterey,27873,4.27,118923,1090,TONS,129663000
1996,216299,GRAPESWINE,55,Napa,30919,3.24,100251,1512,TONS,151595000
1996,216299,GRAPESWINE,57,Nevada,201,4.26,856,1068,TONS,913900
1996,216299,GRAPESWINE,65,Riverside,2032,5.21,10587,874,TONS,9253000
1996,216299,GRAPESWINE,67,Sacramento,7900,7.00,55300,650,TONS,35945000
1996,216299,GRAPESWINE,69,SanBenito,2125,3.62,7693,1259,TONS,9685000
1996,216299,GRAPESWINE,71,SanBernardino,1146,1.89,2162,591,TONS,1277000
1996,216299,GRAPESWINE,73,SanDiego,187,3.22,602,218,TONS,131200
1996,216299,GRAPESWINE,77,SanJoaquin,68014,6.74,458200,517,TONS,236972000
1996,216299,GRAPESWINE,81,SanMateo,56,,,,,362000
1996,216299,GRAPESWINE,87,SantaCruz,245,2.10,514,1951,TONS,1003000
1996,216299,GRAPESWINE,95,Solano,2093,6.36,13312,1014,TONS,13495400
1996,216299,GRAPESWINE,97,Sonoma,33703,3.80,127990,1372,TONS,175572200
1996,216299,GRAPESWINE,99,Stanislaus,13560,8.47,114900,421,TONS,48382000
1996,216299,GRAPESWINE,107,Tulare,27127,9.47,256840,242,TONS,62105000
1996,216299,GRAPESWINE,113,Yolo,4540,4.65,21111,795,TONS,16780000
1995,216299,GRAPESWINE,1,Alameda,1709,1.90,3253,871,TONS,2833000
1995,216299,GRAPESWINE,5,Amador,2287,5.25,12007,716,TONS,8597000
1995,216299,GRAPESWINE,9,Calaveras,260,3.31,860,560,TONS,481600
1995,216299,GRAPESWINE,17,ElDorado,817,3.90,3186,812,TONS,2587300
1995,216299,GRAPESWINE,19,Fresno,63633,10.11,643400,195,TONS,125680000
1995,216299,GRAPESWINE,29,Kern,37635,10.21,384130,221,TONS,84784000
1995,216299,GRAPESWINE,31,Kings,2057,6.00,12344,453,TONS,5591000
1995,216299,GRAPESWINE,33,Lake,2858,4.40,12589,829,TONS,10442500
1995,216299,GRAPESWINE,39,Madera,49522,9.40,465723,202,TONS,94052000
1995,216299,GRAPESWINE,43,Mariposa,57,1.30,74,693,TONS,51300
1995,216299,GRAPESWINE,45,Mendocino,11745,4.70,55179,883,TONS,48723100
1995,216299,GRAPESWINE,47,Merced,11146,8.27,92151,269,TONS,24831000
1995,216299,GRAPESWINE,53,Monterey,28030,2.94,82321,963,TONS,79309000
1995,216299,GRAPESWINE,55,Napa,31514,3.49,109842,1310,TONS,143929000
1995,216299,GRAPESWINE,57,Nevada,201,2.46,495,1018,TONS,503900
1995,216299,GRAPESWINE,65,Riverside,2048,2.75,5632,828,TONS,4663300
1995,216299,GRAPESWINE,67,Sacramento,7180,8.00,57440,600,TONS,34464000
1995,216299,GRAPESWINE,69,SanBenito,2125,3.57,7586,895,TONS,6789000
1995,216299,GRAPESWINE,71,SanBernardino,1165,0.91,1062,296,TONS,314400
1995,216299,GRAPESWINE,73,SanDiego,187,2.85,533,220,TONS,117300
1995,216299,GRAPESWINE,77,SanJoaquin,64520,8.09,521700,424,TONS,221156000
1995,216299,GRAPESWINE,79,SanLuisObispo,9380,5.08,47604,855,TONS,40719000
1995,216299,GRAPESWINE,81,SanMateo,56,,,,,280000
1995,216299,GRAPESWINE,85,SantaClara,1600,2.75,4400,750,TONS,3300000
1995,216299,GRAPESWINE,87,SantaCruz,180,1.11,200,1600,TONS,320000
1995,216299,GRAPESWINE,95,Solano,2000,5.06,10112,746,TONS,7547700
1995,216299,GRAPESWINE,97,Sonoma,33189,4.22,139993,1135,TONS,158824800
1995,216299,GRAPESWINE,99,Stanislaus,13700,9.10,124700,239,TONS,29830000
1995,216299,GRAPESWINE,107,Tulare,23880,10.22,244040,206,TONS,50302000
1995,216299,GRAPESWINE,113,Yolo,4219,7.88,33253,599,TONS,19924000
1994,216299,GRAPESWINE,1,Alameda,2050,2.08,4261,899,TONS,3829000
1994,216299,GRAPESWINE,5,Amador,2212,3.28,7255,618,TONS,4483600
1994,216299,GRAPESWINE,9,Calaveras,260,2.50,650,600,TONS,390000
1994,216299,GRAPESWINE,17,ElDorado,802,3.83,3068,655,TONS,2010000
1994,216299,GRAPESWINE,19,Fresno,46448,8.52,395800,170,TONS,67367000
1994,216299,GRAPESWINE,29,Kern,38223,8.74,334170,182,TONS,60975000
1994,216299,GRAPESWINE,31,Kings,1884,13.30,25049,219,TONS,5498000
1994,216299,GRAPESWINE,33,Lake,2932,3.34,9794,709,TONS,6944000
1994,216299,GRAPESWINE,39,Madera,49706,10.18,506242,163,TONS,82643000
1994,216299,GRAPESWINE,43,Mariposa,35,2.06,72,840,TONS,60500
1994,216299,GRAPESWINE,45,Mendocino,12335,3.61,44582,731,TONS,32600800
1994,216299,GRAPESWINE,47,Merced,12896,8.81,113580,249,TONS,28303000
1994,216299,GRAPESWINE,53,Monterey,28167,4.24,119384,748,TONS,89335000
1994,216299,GRAPESWINE,55,Napa,32239,3.76,121292,1213,TONS,147161000
1994,216299,GRAPESWINE,57,Nevada,174,3.92,682,701,TONS,478300
1994,216299,GRAPESWINE,65,Riverside,2048,4.31,8826,520,TONS,4592000
1994,216299,GRAPESWINE,67,Sacramento,6940,8.00,55520,450,TONS,24984000
1994,216299,GRAPESWINE,69,SanBenito,1665,3.96,6593,808,TONS,5327000
1994,216299,GRAPESWINE,71,SanBernardino,1221,2.81,3431,216,TONS,742000
1994,216299,GRAPESWINE,73,SanDiego,162,3.01,488,478,TONS,233100
1994,216299,GRAPESWINE,77,SanJoaquin,52330,7.31,382600,392,TONS,150068000
1994,216299,GRAPESWINE,79,SanLuisObispo,8750,4.52,39589,786,TONS,31115000
1994,216299,GRAPESWINE,81,SanMateo,54,,,,,411000
1994,216299,GRAPESWINE,85,SantaClara,1535,2.50,3838,760,TONS,2917000
1994,216299,GRAPESWINE,87,SantaCruz,188,0.81,152,1296,TONS,197000
1994,216299,GRAPESWINE,95,Solano,1874,5.36,10039,626,TONS,6286600
1994,216299,GRAPESWINE,97,Sonoma,33766,4.53,153096,995,TONS,152280700
1994,216299,GRAPESWINE,99,Stanislaus,17500,9.53,166700,200,TONS,33280000
1994,216299,GRAPESWINE,107,Tulare,20769,9.00,186970,184,TONS,34445000
1994,216299,GRAPESWINE,113,Yolo,2092,6.51,13619,454,TONS,6186000
1993,216299,GRAPESWINE,1,Alameda,1572,2.70,4248,854,TONS,3626000
1993,216299,GRAPESWINE,5,Amador,2114,4.45,9407,531,TONS,4995100
1993,216299,GRAPESWINE,9,Calaveras,260,2.40,625,580,TONS,362500
1993,216299,GRAPESWINE,19,Fresno,61022,10.93,667100,182,TONS,121690000
1993,216299,GRAPESWINE,29,Kern,40168,10.28,413000,202,TONS,83626000
1993,216299,GRAPESWINE,31,Kings,1712,12.26,20996,212,TONS,4456000
1993,216299,GRAPESWINE,33,Lake,2682,4.28,11466,703,TONS,8065800
1993,216299,GRAPESWINE,39,Madera,50308,10.28,517405,185,TONS,95462000
1993,216299,GRAPESWINE,43,Mariposa,60,2.13,128,863,TONS,110400
1993,216299,GRAPESWINE,45,Mendocino,11591,5.20,60269,679,TONS,40922800
1993,216299,GRAPESWINE,47,Merced,13148,8.89,116940,239,TONS,27982000
1993,216299,GRAPESWINE,53,Monterey,26801,5.02,134408,759,TONS,101973000
1993,216299,GRAPESWINE,55,Napa,32034,3.48,111589,1205,TONS,134486000
1993,216299,GRAPESWINE,57,Nevada,174,3.42,595,713,TONS,424100
1993,216299,GRAPESWINE,65,Riverside,1968,4.35,8561,458,TONS,3924600
1993,216299,GRAPESWINE,67,Sacramento,7300,6.00,43800,420,TONS,18396000
1993,216299,GRAPESWINE,69,SanBenito,1753,4.08,7152,751,TONS,5371000
1993,216299,GRAPESWINE,71,SanBernardino,1219,5.42,6603,184,TONS,1217100
1993,216299,GRAPESWINE,73,SanDiego,162,2.65,429,497,TONS,213400
1993,216299,GRAPESWINE,77,SanJoaquin,47267,7.02,331950,376,TONS,124862000
1993,216299,GRAPESWINE,79,SanLuisObispo,8676,5.40,46878,735,TONS,34476000
1993,216299,GRAPESWINE,81,SanMateo,48,,,,,365000
1993,216299,GRAPESWINE,85,SantaClara,1455,2.75,4001,665,TONS,2661000
1993,216299,GRAPESWINE,87,SantaCruz,163,0.93,152,1678,TONS,255000
1993,216299,GRAPESWINE,95,Solano,1884,3.92,7377,591,TONS,4358700
1993,216299,GRAPESWINE,97,Sonoma,31475,4.16,131039,952,TONS,124725900
1993,216299,GRAPESWINE,99,Stanislaus,17200,8.83,151900,214,TON,32456000
1993,216299,GRAPESWINE,107,Tulare,25251,10.47,264420,193,TONS,50920000
1993,216299,GRAPESWINE,113,Yolo,1770,5.46,9664,416,TONS,4019000
1992,216299,GRAPESWINE,1,Alameda,1531,3.28,5028,890,TONS,4474000
1992,216299,GRAPESWINE,5,Amador,2013,4.09,8237,532,TONS,4382784
1992,216299,GRAPESWINE,9,Calaveras,260,2.12,550,612,TONS,336600
1992,216299,GRAPESWINE,19,Fresno,77293,10.67,825100,195,TONS,160621000
1992,216299,GRAPESWINE,29,Kern,41624,9.22,383680,210,TONS,80415000
1992,216299,GRAPESWINE,31,Kings,2407,8.26,19891,193,TONS,3839000
1992,216299,GRAPESWINE,33,Lake,2682,4.28,11466,703,TONS,8065800
1992,216299,GRAPESWINE,39,Madera,52000,10.05,522509,203,TONS,105876000
1992,216299,GRAPESWINE,43,Mariposa,46,2.46,113,767,TONS,86700
1992,216299,GRAPESWINE,45,Mendocino,11143,5.49,61135,724,TONS,44262000
1992,216299,GRAPESWINE,47,Merced,11331,9.53,108000,241,TONS,26028000
1992,216299,GRAPESWINE,53,Monterey,24241,4.18,101407,740,TONS,75036000
1992,216299,GRAPESWINE,55,Napa,31155,4.34,135256,1240,TONS,167682000
1992,216299,GRAPESWINE,57,Nevada,174,4.93,858,816,TONS,699800
1992,216299,GRAPESWINE,65,Riverside,2128,3.13,6661,653,TONS,4349600
1992,216299,GRAPESWINE,67,Sacramento,7500,7.00,52500,410,TONS,21525000
1992,216299,GRAPESWINE,69,SanBenito,2025,4.62,9355,606,TONS,5669000
1992,216299,GRAPESWINE,71,SanBernardino,1290,2.89,3722,249,TONS,927500
1992,216299,GRAPESWINE,73,SanDiego,162,4.71,763,285,TONS,217500
1992,216299,GRAPESWINE,77,SanJoaquin,42330,7.75,328000,284,TONS,93239000
1992,216299,GRAPESWINE,79,SanLuisObispo,8327,5.01,41744,818,TONS,34162000
1992,216299,GRAPESWINE,83,SantaBarbara,9036,3.06,27650,1011,TONS,27960500
1992,216299,GRAPESWINE,85,SantaClara,1430,2.50,3575,690,TONS,2467000
1992,216299,GRAPESWINE,87,SantaCruz,96,1.44,138,1449,TONS,200000
1992,216299,GRAPESWINE,95,Solano,1786,4.82,8614,633,TONS,5454800
1992,216299,GRAPESWINE,97,Sonoma,31263,4.73,148010,1004,TONS,148618600
1992,216299,GRAPESWINE,99,Stanislaus,19700,8.68,171000,225,TONS,38472000
1992,216299,GRAPESWINE,107,Tulare,34804,10.23,355890,186,TONS,66243000
1992,216299,GRAPESWINE,113,Yolo,1667,6.56,10936,399,TONS,4367000
1991,216299,GRAPESWINE,1,Alameda,1286,3.84,4938,867,TONS,4282000
1991,216299,GRAPESWINE,5,Amador,1638,3.32,5435,519,TONS,2818050
1991,216299,GRAPESWINE,9,Calaveras,230,2.61,600,525,TONS,315000
1991,216299,GRAPESWINE,19,Fresno,32900,9.26,304780,162,TONS,49394000
1991,216299,GRAPESWINE,29,Kern,26588,7.86,209000,176,TONS,36859000
1991,216299,GRAPESWINE,31,Kings,1111,9.11,10121,147,TONS,1488000
1991,216299,GRAPESWINE,33,Lake,2421,5.01,12126,783,TONS,9488600
1991,216299,GRAPESWINE,39,Madera,49807,9.04,450387,155,TONS,69900000
1991,216299,GRAPESWINE,43,Mariposa,77,1.29,99,715,TONS,70800
1991,216299,GRAPESWINE,45,Mendocino,11281,4.57,51551,707,TONS,36446600
1991,216299,GRAPESWINE,47,Merced,13326,8.13,108389,217,TONS,23509000
1991,216299,GRAPESWINE,53,Monterey,24150,4.23,102074,723,TONS,73800000
1991,216299,GRAPESWINE,55,Napa,29993,4.61,138322,1260,TONS,174275000
1991,216299,GRAPESWINE,57,Nevada,174,4.94,860,661,TONS,568200
1991,216299,GRAPESWINE,65,Riverside,2211,3.07,6788,596,TONS,4048400
1991,216299,GRAPESWINE,67,Sacramento,6800,6.50,44200,380,TONS,16796000
1991,216299,GRAPESWINE,69,SanBenito,1773,4.19,7429,512,TONS,3804000
1991,216299,GRAPESWINE,71,SanBernardino,1260,1.47,1849,153,TONS,283100
1991,216299,GRAPESWINE,73,SanDiego,136,3.45,469,285,TONS,133700
1991,216299,GRAPESWINE,77,SanJoaquin,44000,7.00,308040,251,TONS,77186000
1991,216299,GRAPESWINE,79,SanLuisObispo,8100,5.32,43092,793,TONS,34172000
1991,216299,GRAPESWINE,83,SantaBarbara,8889,3.56,31645,1036,TONS,32784500
1991,216299,GRAPESWINE,85,SantaClara,1475,2.50,3688,570,TONS,2102000
1991,216299,GRAPESWINE,87,SantaCruz,110,1.60,176,1489,TONS,262000
1991,216299,GRAPESWINE,95,Solano,1801,6.52,11747,584,TONS,6864900
1991,216299,GRAPESWINE,97,Sonoma,29421,4.95,145493,1016,TONS,147802900
1991,216299,GRAPESWINE,99,Stanislaus,18300,10.82,198000,177,TONS,35132000
1991,216299,GRAPESWINE,107,Tulare,11135,9.17,102080,180,TONS,18346000
1991,216299,GRAPESWINE,113,Yolo,1366,6.06,8278,364,TONS,3013000
1990,216299,GRAPESWINE,1,Alameda,1628,2.11,3435,880,TONS,3023000
1990,216299,GRAPESWINE,5,Amador,1650,3.42,5643,528,TONS,2978850
1990,216299,GRAPESWINE,9,Calaveras,150,2.40,360,550,TONS,198000
1990,216299,GRAPESWINE,19,Fresno,33715,10.28,346750,158,TONS,54910000
1990,216299,GRAPESWINE,29,Kern,28704,8.74,251000,148,TONS,37174000
1990,216299,GRAPESWINE,31,Kings,1111,8.74,9710,155,TONS,1505000
1990,216299,GRAPESWINE,33,Lake,2545,3.14,7991,794,TONS,6345500
1990,216299,GRAPESWINE,39,Madera,49526,9.05,448032,151,TONS,67489000
1990,216299,GRAPESWINE,43,Mariposa,70,1.34,94,693,TONS,65100
1990,216299,GRAPESWINE,45,Mendocino,11341,3.51,39779,713,TONS,28362400
1990,216299,GRAPESWINE,47,Merced,14186,8.66,122900,193,TONS,23734000
1990,216299,GRAPESWINE,53,Monterey,25248,3.96,100076,637,TONS,63719000
1990,216299,GRAPESWINE,55,Napa,28846,3.96,114304,1229,TONS,140484000
1990,216299,GRAPESWINE,57,Nevada,,,527,928,TONS,489200
1990,216299,GRAPESWINE,65,Riverside,2211,3.20,7075,622,TONS,4402600
1990,216299,GRAPESWINE,67,Sacramento,6200,6.00,37200,320,TONS,11904000
1990,216299,GRAPESWINE,69,SanBenito,1800,3.65,6570,495,TONS,3252000
1990,216299,GRAPESWINE,71,SanBernardino,1300,1.39,1801,166,TONS,299200
1990,216299,GRAPESWINE,73,SanDiego,134,2.99,400,261,TONS,104500
1990,216299,GRAPESWINE,77,SanJoaquin,44234,7.60,336000,240,TONS,80511000
1990,216299,GRAPESWINE,79,SanLuisObispo,8150,4.41,35942,876,TONS,31490000
1990,216299,GRAPESWINE,83,SantaBarbara,8151,3.77,30729,1016,TONS,31217600
1990,216299,GRAPESWINE,85,SantaClara,1550,2.50,3875,555,TONS,2151000
1990,216299,GRAPESWINE,87,SantaCruz,120,2.00,240,1363,TONS,327000
1990,216299,GRAPESWINE,95,Solano,1234,6.24,7702,553,TONS,4255900
1990,216299,GRAPESWINE,97,Sonoma,29473,3.80,111921,1004,TONS,112401900
1990,216299,GRAPESWINE,99,Stanislaus,17400,9.66,168000,170,TONS,28611000
1990,216299,GRAPESWINE,107,Tulare,10003,10.11,101150,155,TONS,15718000
1990,216299,GRAPESWINE,113,Yolo,1581,5.00,7905,297,TONS,2348000
1989,216299,GRAPESWINE,1,Alameda,1812,4.20,7615,713,TONS,5432000
1989,216299,GRAPESWINE,5,Amador,1595,3.77,6008,633,TONS,3801000
1989,216299,GRAPESWINE,9,Calaveras,150,2.33,350,629,TONS,220200
1989,216299,GRAPESWINE,19,Fresno,34239,8.39,287300,186,TONS,53356000
1989,216299,GRAPESWINE,29,Kern,28905,8.44,244000,182,TONS,44290000
1989,216299,GRAPESWINE,31,Kings,954,8.04,7670,172,TONS,1319000
1989,216299,GRAPESWINE,33,Lake,2601,4.67,12143,936,TONS,11364730
1989,216299,GRAPESWINE,39,Madera,50908,9.06,461000,148,TONS,68180000
1989,216299,GRAPESWINE,45,Mendocino,11085,5.34,59168,771,TONS,45618900
1989,216299,GRAPESWINE,47,Merced,14464,7.93,114720,208,TONS,23818000
1989,216299,GRAPESWINE,53,Monterey,32646,2.74,89400,673,TONS,60139000
1989,216299,GRAPESWINE,55,Napa,27858,4.77,132849,1157,TONS,153688000
1989,216299,GRAPESWINE,57,Nevada,,,473,656,TONS,310300
1989,216299,GRAPESWINE,61,Placer,111,2.58,286,434,TONS,124000
1989,216299,GRAPESWINE,65,Riverside,2274,4.45,10119,641,TONS,6484100
1989,216299,GRAPESWINE,67,Sacramento,4720,5.51,26000,400,TONS,10400000
1989,216299,GRAPESWINE,69,SanBenito,1700,4.10,6970,475,TONS,3311000
1989,216299,GRAPESWINE,71,SanBernardino,2843,2.63,7467,196,TONS,1460000
1989,216299,GRAPESWINE,73,SanDiego,115,3.40,391,250,TONS,97750
1989,216299,GRAPESWINE,77,SanJoaquin,45840,8.27,379000,303,TONS,114870000
1989,216299,GRAPESWINE,79,SanLuisObispo,7649,5.56,42528,857,TONS,36453000
1989,216299,GRAPESWINE,83,SantaBarbara,7613,3.71,28244,1068,TONS,30163180
1989,216299,GRAPESWINE,85,SantaClara,1500,2.75,4125,525,TONS,2166000
1989,216299,GRAPESWINE,87,SantaCruz,120,1.80,216,1449,TONS,313000
1989,216299,GRAPESWINE,95,Solano,1234,6.63,8187,626,TONS,5125000
1989,216299,GRAPESWINE,97,Sonoma,29298,4.42,129544,944,TONS,122306600
1989,216299,GRAPESWINE,99,Stanislaus,16173,9.40,152000,172,TONS,26192000
1989,216299,GRAPESWINE,107,Tulare,10632,8.92,94880,193,TONS,18303000
1989,216299,GRAPESWINE,113,Yolo,1374,6.89,9460,272,TONS,2573000
1988,216299,GRAPESWINE,1,Alameda,1216,3.37,4094,378,TON,1548000
1988,216299,GRAPESWINE,5,Amador,1550,3.52,5453,629,TONS,3427300
1988,216299,GRAPESWINE,9,Calaveras,150,2.80,420,521,TON,218800
1988,216299,GRAPESWINE,19,Fresno,34867,9.90,345100,167,TON,57490000
1988,216299,GRAPESWINE,29,Kern,29418,9.93,292000,154,TON,44924000
1988,216299,GRAPESWINE,31,Kings,800,9.00,7200,152,TONS,1094000
1988,216299,GRAPESWINE,33,Lake,3050,2.76,8406,750,TONS,6306180
1988,216299,GRAPESWINE,39,Madera,37822,9.52,359912,143,TON,51544000
1988,216299,GRAPESWINE,45,Mendocino,10790,3.09,33364,646,TONS,21553300
1988,216299,GRAPESWINE,47,Merced,14563,8.16,118850,180,TON,21410000
1988,216299,GRAPESWINE,53,Monterey,26844,3.10,83210,532,TON,44247000
1988,216299,GRAPESWINE,55,Napa,29243,3.41,99777,982,TONS,97943000
1988,216299,GRAPESWINE,57,Nevada,,,223,502,TON,112000
1988,216299,GRAPESWINE,61,Placer,123,2.17,267,330,TONS,88100
1988,216299,GRAPESWINE,65,Riverside,3508,3.32,11647,537,TONS,6249900
1988,216299,GRAPESWINE,67,Sacramento,4650,6.99,32500,480,TON,15600000
1988,216299,GRAPESWINE,69,SanBenito,1700,3.90,6630,505,TONS,3348000
1988,216299,GRAPESWINE,71,SanBernardino,2825,2.94,8315,285,TON,2368000
1988,216299,GRAPESWINE,73,SanDiego,75,1.31,98,249,TONS,24375
1988,216299,GRAPESWINE,77,SanJoaquin,47014,9.46,444600,329,TON,146327000
1988,216299,GRAPESWINE,79,SanLuisObispo,7255,4.50,32648,656,TONS,21417000
1988,216299,GRAPESWINE,83,SantaBarbara,9045,3.31,29895,711,TON,21255000
1988,216299,GRAPESWINE,85,SantaClara,1500,2.50,3750,500,TON,1875000
1988,216299,GRAPESWINE,87,SantaCruz,110,1.10,121,1149,TONS,139000
1988,216299,GRAPESWINE,95,Solano,1096,3.52,3858,517,TON,1995300
1988,216299,GRAPESWINE,97,Sonoma,29452,3.54,104161,805,TON,83824800
1988,216299,GRAPESWINE,99,Stanislaus,17000,9.24,157040,168,TON,26438000
1988,216299,GRAPESWINE,107,Tulare,11541,9.01,104040,167,TONS,17326000
1988,216299,GRAPESWINE,113,Yolo,1362,7.37,10038,312,TON,3132000
1987,216299,GRAPESWINE,1,Alameda,1458,3.43,5006,358,TONS,1794000
1987,216299,GRAPESWINE,5,Amador,1650,3.71,6118,415,TONS,2539000
1987,216299,GRAPESWINE,9,Calaveras,135,2.22,300,400,TONS,120000
1987,216299,GRAPESWINE,13,ContraCosta,879,1.60,1410,368,TONS,519000
1987,216299,GRAPESWINE,17,ElDorado,116,2.40,278,497,TONS,138200
1987,216299,GRAPESWINE,19,Fresno,35671,7.93,283000,149,TONS,42065000
1987,216299,GRAPESWINE,29,Kern,29133,7.50,218400,129,TONS,28230000
1987,216299,GRAPESWINE,31,Kings,1214,10.00,12140,140,TONS,1700000
1987,216299,GRAPESWINE,33,Lake,3000,3.46,10385,458,TONS,4758870
1987,216299,GRAPESWINE,39,Madera,38511,8.48,326698,138,TONS,45150000
1987,216299,GRAPESWINE,45,Mendocino,10574,3.71,39235,469,TONS,18401000
1987,216299,GRAPESWINE,47,Merced,14370,8.36,120100,157,TONS,18903000
1987,216299,GRAPESWINE,53,Monterey,24815,4.00,99325,405,TONS,40276000
1987,216299,GRAPESWINE,55,Napa,28970,3.46,100180,820,TONS,82162000
1987,216299,GRAPESWINE,57,Nevada,,,238,465,TONS,110700
1987,216299,GRAPESWINE,61,Placer,125,2.13,266,395,TONS,105000
1987,216299,GRAPESWINE,65,Riverside,3148,3.94,12403,407,TONS,5046700
1987,216299,GRAPESWINE,67,Sacramento,4530,6.00,27200,300,TONS,8160000
1987,216299,GRAPESWINE,69,SanBenito,1700,2.20,3740,455,TONS,1701000
1987,216299,GRAPESWINE,71,SanBernardino,3522,2.60,9140,190,TONS,1741000
1987,216299,GRAPESWINE,73,SanDiego,90,1.50,135,240,TONS,32400
1987,216299,GRAPESWINE,77,SanJoaquin,31400,6.78,213000,229,TONS,48701000
1987,216299,GRAPESWINE,79,SanLuisObispo,6459,4.12,26611,479,TONS,12747000
1987,216299,GRAPESWINE,83,SantaBarbara,8646,3.08,26630,527,TONS,14021760
1987,216299,GRAPESWINE,85,SantaClara,1570,2.00,3140,415,TONS,1303000
1987,216299,GRAPESWINE,87,SantaCruz,105,0.90,95,895,TONS,85000
1987,216299,GRAPESWINE,95,Solano,1138,3.17,3604,341,TONS,1229800
1987,216299,GRAPESWINE,97,Sonoma,28191,3.77,106205,636,TONS,67567600
1987,216299,GRAPESWINE,99,Stanislaus,16950,9.59,162550,142,TONS,23160000
1987,216299,GRAPESWINE,107,Tulare,13279,7.93,105250,127,TONS,13411000
1987,216299,GRAPESWINE,113,Yolo,1308,7.19,9404,237,TONS,2229000
1986,216299,GRAPESWINE,1,Alameda,1465,3.35,4908,356,TON,1749000
1986,216299,GRAPESWINE,5,Amador,1597,3.40,5432,378,TON,2053100
1986,216299,GRAPESWINE,9,Calaveras,135,2.22,300,340,,102000
1986,216299,GRAPESWINE,13,ContraCosta,877,2.24,1964,359,TON,705000
1986,216299,GRAPESWINE,17,ElDorado,116,3.00,348,760,TON,264500
1986,216299,GRAPESWINE,19,Fresno,37535,7.47,280300,138,TON,38795000
1986,216299,GRAPESWINE,29,Kern,35937,6.22,223500,117,TON,26128000
1986,216299,GRAPESWINE,31,Kings,1214,12.00,14568,125,TON,1821000
1986,216299,GRAPESWINE,33,Lake,3005,3.79,11396,442,TON,5032075
1986,216299,GRAPESWINE,39,Madera,40267,8.71,350734,112,,39311000
1986,216299,GRAPESWINE,45,Mendocino,10494,4.09,42938,395,,16960300
1986,216299,GRAPESWINE,47,Merced,13440,8.53,114600,136,TON,15620000
1986,216299,GRAPESWINE,53,Monterey,27305,3.76,102706,348,TON,35706000
1986,216299,GRAPESWINE,55,Napa,27653,4.09,113220,757,TON,85676000
1986,216299,GRAPESWINE,57,Nevada,,,125,435,TON,54400
1986,216299,GRAPESWINE,61,Placer,126,2.06,260,276,TON,71800
1986,216299,GRAPESWINE,65,Riverside,3068,4.41,13530,393,TON,5320300
1986,216299,GRAPESWINE,67,Sacramento,4100,8.00,32800,300,TON,9840000
1986,216299,GRAPESWINE,69,SanBenito,2000,3.70,7400,400,TON,2960000
1986,216299,GRAPESWINE,71,SanBernardino,4540,1.89,8600,120,TON,1035000
1986,216299,GRAPESWINE,73,SanDiego,90,1.40,126,330,,41600
1986,216299,GRAPESWINE,77,SanJoaquin,34136,7.59,259000,191,TON,49418000
1986,216299,GRAPESWINE,79,SanLuisObispo,6084,3.80,23119,412,TON,9525000
1986,216299,GRAPESWINE,83,SantaBarbara,9510,2.75,26149,424,TON,11098420
1986,216299,GRAPESWINE,85,SantaClara,1600,3.00,4800,400,,1920000
1986,216299,GRAPESWINE,95,Solano,1061,4.50,4773,249,TON,1187700
1986,216299,GRAPESWINE,97,Sonoma,28609,3.77,107992,579,TON,62565480
1986,216299,GRAPESWINE,99,Stanislaus,17211,8.70,149800,125,,18794000
1986,216299,GRAPESWINE,107,Tulare,14366,9.52,136820,114,TON,15629000
1986,216299,GRAPESWINE,113,Yolo,1270,8.60,10917,229,TON,2497000
1985,216299,GRAPESWINE,1,Alameda,1501,3.55,5336,338,TONS,1802000
1985,216299,GRAPESWINE,5,Amador,1568,3.14,4922,379,TONS,1865300
1985,216299,GRAPESWINE,13,ContraCosta,873,2.61,2278,290,TONS,661000
1985,216299,GRAPESWINE,17,ElDorado,116,5.30,615,848,TONS,521400
1985,216299,GRAPESWINE,19,Fresno,37851,10.62,401900,115,TONS,46334000
1985,216299,GRAPESWINE,29,Kern,33255,8.48,282000,90,TONS,25509000
1985,216299,GRAPESWINE,31,Kings,1117,11.90,13292,74,TONS,984000
1985,216299,GRAPESWINE,33,Lake,2990,3.37,10073,414,TONS,4172680
1985,216299,GRAPESWINE,39,Madera,40100,7.54,302354,94,TONS,28421000
1985,216299,GRAPESWINE,45,Mendocino,10171,4.03,40993,396,TONS,16227800
1985,216299,GRAPESWINE,47,Merced,12803,8.36,107020,130,TONS,13873000
1985,216299,GRAPESWINE,53,Monterey,28647,4.25,121692,315,TONS,38321000
1985,216299,GRAPESWINE,55,Napa,25690,3.95,101407,772,TONS,78332000
1985,216299,GRAPESWINE,57,Nevada,,,62,405,TONS,25100
1985,216299,GRAPESWINE,61,Placer,126,1.36,171,211,TONS,36100
1985,216299,GRAPESWINE,65,Riverside,3006,3.71,11152,397,TONS,4428600
1985,216299,GRAPESWINE,67,Sacramento,4330,7.09,30700,132,TONS,4052000
1985,216299,GRAPESWINE,69,SanBenito,2600,3.50,9100,400,TONS,3640000
1985,216299,GRAPESWINE,71,SanBernardino,5960,2.26,13470,122,TONS,1646000
1985,216299,GRAPESWINE,73,SanDiego,115,1.60,184,210,TONS,38600
1985,216299,GRAPESWINE,77,SanJoaquin,35470,8.03,285000,150,TONS,42840000
1985,216299,GRAPESWINE,79,SanLuisObispo,5480,4.40,24112,407,TONS,9814000
1985,216299,GRAPESWINE,83,SantaBarbara,7448,4.28,31877,360,TONS,11480183
1985,216299,GRAPESWINE,85,SantaClara,1525,3.00,4575,310,TONS,1418000
1985,216299,GRAPESWINE,95,Solano,1113,5.44,6058,259,TONS,1570200
1985,216299,GRAPESWINE,97,Sonoma,28099,3.59,100962,572,TONS,57700792
1985,216299,GRAPESWINE,99,Stanislaus,16250,8.15,132500,129,TONS,17034000
1985,216299,GRAPESWINE,107,Tulare,14479,9.44,136740,108,TONS,14762000
1985,216299,GRAPESWINE,113,Yolo,1169,6.20,7250,211,TONS,1530000
1984,216299,GRAPESWINE,1,Alameda,1672,3.16,5286,398,TONS,2103000
1984,216299,GRAPESWINE,5,Amador,1609,2.88,4641,409,TONS,1897300
1984,216299,GRAPESWINE,9,Calaveras,77,1.30,100,420,TONS,42000
1984,216299,GRAPESWINE,13,ContraCosta,851,1.84,1566,302,TONS,473000
1984,216299,GRAPESWINE,17,ElDorado,313,4.40,1377,416,TONS,572300
1984,216299,GRAPESWINE,19,Fresno,34434,8.68,298900,138,TONS,41346000
1984,216299,GRAPESWINE,29,Kern,34861,6.95,242160,97,TONS,23389000
1984,216299,GRAPESWINE,31,Kings,1117,8.75,9774,100,TONS,977000
1984,216299,GRAPESWINE,33,Lake,2775,3.57,9901,425,TONS,4208930
1984,216299,GRAPESWINE,39,Madera,36010,6.87,247389,95,TONS,23502000
1984,216299,GRAPESWINE,45,Mendocino,10384,3.72,38626,417,TONS,16116400
1984,216299,GRAPESWINE,47,Merced,17230,8.94,154000,121,TONS,18691000
1984,216299,GRAPESWINE,53,Monterey,29792,3.93,117020,359,TONS,42022000
1984,216299,GRAPESWINE,55,Napa,24831,4.03,99996,768,TONS,76836000
1984,216299,GRAPESWINE,57,Nevada,,,46,496,TONS,22800
1984,216299,GRAPESWINE,61,Placer,129,2.05,265,193,TONS,51100
1984,216299,GRAPESWINE,65,Riverside,2661,3.90,10378,335,TONS,3479700
1984,216299,GRAPESWINE,67,Sacramento,4200,7.00,29400,133,TONS,3910000
1984,216299,GRAPESWINE,69,SanBenito,4000,3.00,12000,390,TONS,4680000
1984,216299,GRAPESWINE,71,SanBernardino,6500,2.11,13740,111,TONS,1526000
1984,216299,GRAPESWINE,73,SanDiego,175,1.80,315,310,TONS,97700
1984,216299,GRAPESWINE,77,SanJoaquin,35920,6.74,242000,170,TONS,41142000
1984,216299,GRAPESWINE,79,SanLuisObispo,5477,4.30,23551,398,TONS,9373000
1984,216299,GRAPESWINE,83,SantaBarbara,8670,3.85,33380,414,TONS,13834007
1984,216299,GRAPESWINE,85,SantaClara,1560,2.50,3900,300,TONS,1170000
1984,216299,GRAPESWINE,87,SantaCruz,103,1.55,160,825,TONS,132000
1984,216299,GRAPESWINE,95,Solano,1054,5.34,5632,271,TONS,1527200
1984,216299,GRAPESWINE,97,Sonoma,26348,3.81,100293,592,TONS,59369600
1984,216299,GRAPESWINE,99,Stanislaus,16331,7.32,119600,113,TONS,13491000
1984,216299,GRAPESWINE,107,Tulare,14269,8.27,118000,160,TONS,18912000
1984,216299,GRAPESWINE,113,Yolo,969,6.73,6521,250,TONS,1630000
1983,216299,GRAPESWINE,1,Alameda,1640,3.07,5042,424,TONS,2137000
1983,216299,GRAPESWINE,5,Amador,1365,3.10,4232,396,TONS,1677500
1983,216299,GRAPESWINE,9,Calaveras,77,2.08,160,400,TONS,64000
1983,216299,GRAPESWINE,13,ContraCosta,835,2.41,2012,355,TONS,714000
1983,216299,GRAPESWINE,17,ElDorado,253,4.70,1189,436,TONS,518300
1983,216299,GRAPESWINE,19,Fresno,32885,8.80,289400,160,TONS,46327000
1983,216299,GRAPESWINE,21,Glenn,875,6.75,5906,150,TONS,886000
1983,216299,GRAPESWINE,29,Kern,33156,7.31,242220,101,TONS,24501000
1983,216299,GRAPESWINE,31,Kings,1290,7.30,9417,141,TONS,1328000
1983,216299,GRAPESWINE,33,Lake,2535,3.55,8995,409,TONS,3682075
1983,216299,GRAPESWINE,39,Madera,31616,9.00,284544,125,TONS,35568000
1983,216299,GRAPESWINE,45,Mendocino,10193,3.52,35850,408,TONS,14618500
1983,216299,GRAPESWINE,47,Merced,15979,7.41,118400,143,TONS,16936000
1983,216299,GRAPESWINE,53,Monterey,28112,3.40,95635,374,TONS,35730000
1983,216299,GRAPESWINE,55,Napa,25245,3.53,89084,714,TONS,63604000
1983,216299,GRAPESWINE,57,Nevada,,,23,500,TONS,11500
1983,216299,GRAPESWINE,61,Placer,129,2.00,258,265,TONS,68400
1983,216299,GRAPESWINE,65,Riverside,2583,4.12,10642,275,TONS,2923100
1983,216299,GRAPESWINE,67,Sacramento,3610,5.60,20200,170,TONS,3434000
1983,216299,GRAPESWINE,69,SanBenito,3950,3.40,13430,420,TONS,5641000
1983,216299,GRAPESWINE,71,SanBernardino,6600,2.59,17070,120,TONS,2049000
1983,216299,GRAPESWINE,73,SanDiego,213,1.90,405,415,TONS,168000
1983,216299,GRAPESWINE,77,SanJoaquin,34350,6.32,217000,228,TONS,49465000
1983,216299,GRAPESWINE,79,SanLuisObispo,4977,3.90,19410,432,TONS,8385000
1983,216299,GRAPESWINE,83,SantaBarbara,8452,2.47,20876,563,TONS,11750683
1983,216299,GRAPESWINE,85,SantaClara,1645,2.00,3290,350,TONS,1152000
1983,216299,GRAPESWINE,87,SantaCruz,97,1.27,123,821,TONS,101000
1983,216299,GRAPESWINE,95,Solano,1136,4.69,5329,261,TONS,1389100
1983,216299,GRAPESWINE,97,Sonoma,25541,3.14,80201,543,TONS,43514100
1983,216299,GRAPESWINE,99,Stanislaus,16312,7.51,122500,147,TONS,17975000
1983,216299,GRAPESWINE,107,Tulare,14045,9.04,127000,166,TONS,21050000
1983,216299,GRAPESWINE,113,Yolo,939,7.12,6686,285,TONS,1906000
1982,216299,GRAPESWINE,1,Alameda,1610,3.93,6326,528,TONS,3342000
1982,216299,GRAPESWINE,5,Amador,1154,3.46,3988,441,TONS,1758600
1982,216299,GRAPESWINE,9,Calaveras,77,1.82,140,400,TONS,56000
1982,216299,GRAPESWINE,17,ElDorado,245,3.25,796,417,TONS,331800
1982,216299,GRAPESWINE,19,Fresno,31691,11.19,354600,153,TONS,54187000
1982,216299,GRAPESWINE,21,Glenn,875,6.75,5906,150,TONS,886000
1982,216299,GRAPESWINE,29,Kern,31972,10.43,333370,146,TONS,48744000
1982,216299,GRAPESWINE,31,Kings,1074,10.55,11331,124,TONS,1405045
1982,216299,GRAPESWINE,33,Lake,2616,3.27,8556,498,TONS,4260130
1982,216299,GRAPESWINE,39,Madera,27893,10.00,278930,140,TONS,39050000
1982,216299,GRAPESWINE,45,Mendocino,9667,4.70,45456,421,TONS,19137000
1982,216299,GRAPESWINE,47,Merced,12580,10.13,127400,143,TONS,18258000
1982,216299,GRAPESWINE,53,Monterey,24673,3.64,89735,462,TONS,41458000
1982,216299,GRAPESWINE,55,Napa,24168,4.08,98687,773,TONS,76257000
1982,216299,GRAPESWINE,61,Placer,129,1.22,157,303,TONS,47600
1982,216299,GRAPESWINE,65,Riverside,2583,3.41,8810,249,TONS,2193400
1982,216299,GRAPESWINE,67,Sacramento,3410,2.99,10200,180,TONS,1836000
1982,216299,GRAPESWINE,69,SanBenito,4575,3.10,14180,400,TONS,5672000
1982,216299,GRAPESWINE,71,SanBernardino,6990,3.16,22110,183,TONS,4044000
1982,216299,GRAPESWINE,73,SanDiego,281,2.60,731,404,TONS,295000
1982,216299,GRAPESWINE,77,SanJoaquin,33386,7.28,243000,167,TONS,40538000
1982,216299,GRAPESWINE,79,SanLuisObispo,4500,3.90,17550,602,TONS,10560000
1982,216299,GRAPESWINE,83,SantaBarbara,6382,2.95,18827,561,TONS,10566654
1982,216299,GRAPESWINE,85,SantaClara,1732,3.00,5195,400,TONS,2078000
1982,216299,GRAPESWINE,95,Solano,1164,4.78,5560,258,TONS,1435800
1982,216299,GRAPESWINE,97,Sonoma,24746,4.00,98979,565,TONS,55910300
1982,216299,GRAPESWINE,99,Stanislaus,19767,9.51,187900,119,TONS,22294000
1982,216299,GRAPESWINE,107,Tulare,13671,8.19,112000,187,TONS,20916000
1982,216299,GRAPESWINE,113,Yolo,501,9.10,4559,294,TONS,1340000
1981,216299,GRAPESWINE,1,Alameda,1725,2.82,4860,548,TONS,2662000
1981,216299,GRAPESWINE,5,Amador,930,3.18,2957,487,TONS,1440100
1981,216299,GRAPESWINE,9,Calaveras,57,0.88,50,450,TONS,22500
1981,216299,GRAPESWINE,19,Fresno,34210,8.54,292000,205,TONS,60000000
1981,216299,GRAPESWINE,29,Kern,33840,7.97,269860,186,TONS,50095000
1981,216299,GRAPESWINE,31,Kings,1029,6.04,6215,230,TONS,1429450
1981,216299,GRAPESWINE,33,Lake,2678,2.69,7206,500,TONS,3603160
1981,216299,GRAPESWINE,39,Madera,27713,9.00,249417,195,TONS,48636000
1981,216299,GRAPESWINE,47,Merced,13536,7.80,105600,219,TONS,23137000
1981,216299,GRAPESWINE,55,Napa,22152,3.62,80155,732,TONS,58659000
1981,216299,GRAPESWINE,65,Riverside,2377,4.07,9667,404,TONS,3903200
1981,216299,GRAPESWINE,67,Sacramento,3350,6.99,23400,224,TONS,5242000
1981,216299,GRAPESWINE,69,SanBenito,4550,2.80,12750,500,TONS,6375000
1981,216299,GRAPESWINE,71,SanBernardino,8020,1.85,14840,162,TONS,2398000
1981,216299,GRAPESWINE,73,SanDiego,149,3.30,492,472,TONS,232000
1981,216299,GRAPESWINE,77,SanJoaquin,31668,6.56,207600,254,TONS,52692000
1981,216299,GRAPESWINE,83,SantaBarbara,5496,2.78,15279,554,TONS,8461052
1981,216299,GRAPESWINE,95,Solano,1140,4.52,5154,328,TONS,1692300
1981,216299,GRAPESWINE,97,Sonoma,23776,3.39,80675,590,TONS,47626000
1981,216299,GRAPESWINE,99,Stanislaus,17550,6.81,119600,214,TONS,25597000
1981,216299,GRAPESWINE,107,Tulare,13431,9.48,127300,234,TONS,29760000
1981,216299,GRAPESWINE,113,Yolo,566,7.61,4307,362,TONS,1559000
1980,216299,GRAPESWINE,1,Alameda,1660,2.36,3918,542,TONS,2125000
1980,216299,GRAPESWINE,5,Amador,912,3.49,3183,450,TONS,1432300
1980,216299,GRAPESWINE,9,Calaveras,50,0.80,40,440,TONS,17600
1980,216299,GRAPESWINE,19,Fresno,35170,10.21,359100,174,TONS,62516000
1980,216299,GRAPESWINE,29,Kern,36339,8.37,304000,152,TONS,46208000
1980,216299,GRAPESWINE,31,Kings,1122,7.90,8864,210,TONS,1861440
1980,216299,GRAPESWINE,33,Lake,2990,2.25,6722,462,TONS,3106650
1980,216299,GRAPESWINE,39,Madera,26251,9.50,249384,153,TONS,38156000
1980,216299,GRAPESWINE,47,Merced,13333,9.10,121300,176,TONS,21333000
1980,216299,GRAPESWINE,55,Napa,22261,3.60,80112,622,TONS,49863000
1980,216299,GRAPESWINE,65,Riverside,1701,4.77,8108,238,TONS,1932300
1980,216299,GRAPESWINE,67,Sacramento,3350,8.00,26800,210,TONS,5628000
1980,216299,GRAPESWINE,69,SanBenito,4500,3.00,13500,450,TONS,6075000
1980,216299,GRAPESWINE,71,SanBernardino,10060,3.00,30200,134,TONS,4055000
1980,216299,GRAPESWINE,73,SanDiego,164,2.10,344,279,TONS,96000
1980,216299,GRAPESWINE,77,SanJoaquin,32639,5.61,183000,207,TONS,37897000
1980,216299,GRAPESWINE,83,SantaBarbara,5306,1.54,8171,499,TONS,4073244
1980,216299,GRAPESWINE,95,Solano,1138,3.99,4544,315,TONS,1433300
1980,216299,GRAPESWINE,97,Sonoma,23639,3.34,78941,506,TONS,39982000
1980,216299,GRAPESWINE,99,Stanislaus,17950,8.80,157900,183,TONS,28848000
1980,216299,GRAPESWINE,107,Tulare,15159,8.88,134600,170,TONS,22902000
1980,216299,GRAPESWINE,113,Yolo,566,8.70,4924,274,TONS,1351000

